text,intent
selam mate,greeting
"greetings, schedule for does placement start",admission
is it true that what a letter of acceptance looks like and when i should expect to receive it,admission
can we chat {please},greeting
"so my question is regarding thanks for your time, i am leaving the session",bye
wherre to find the support,contacts
"hey bot, i need some quick advice about got it, i will reach out later if i need more info. bye",bye
how many credit hours i need to take to graduate from the pharmacy program,courses
does anyone know if i can take a minor in business administration alongside my engineering degree,courses
is the stadium nearby,location
i really need to understand if someone can give me directions to the university stadium or sports complex,location
i'm a bit stuck trying to understand if there is a specific fee waiver available for students with recognized disabilities,scholarship
requirements for enrollent,admission
hello i need some assistance friend,greeting
my prof told me to check greetings from a confused first year student,greeting
quick question: finals routine,exam
please guide me on if the dormitories force students to leave during the long winter break,holidays
"could you shed some light on alright that makes sense, i'm gonna log off now",bye
can you explain if the dormitories force students to leave during the long winter break for me please,holidays
would you mind telling me whether we get consistent wifi and electricity inside the campus accommodation blocks because i am confused,hostel
does anyone know what i should do because i completely missed the late reg deadline,registration
"is it true that got it, i will reach out later if i need more info. bye",bye
can smeone tell me how i can apply for postgraduate admission if i already have my bachelor's degree,admission
"hey there, i am trying to find out if there is a way to do late registration without paying a massive fee",registration
can someone tell me the process for filing a formal grade appeal if i think my prof made a mistake,results
could you please tell me requirements for transfer,admission
hey how to et my honor roll,results
enrollment process,registration
if the university website has a live chat feature for immediate customer service,contacts
yo when do we close for day off,holidays
i'm a bit stuck trying to understand what happens to my reg status if i have an overdue penalty payment,fees
terminate,bye
give me is the final timetable,exam
i would like to inquire: which building is the clinic in,location
could you please tell me when do we close for break,holidays
please guide me on what the schedule looks like for the annual university sports week and cultural day,holidays
please show the final academic calendar,exam
greetings bot,greeting
i want to know the school fee,fees
can i pay cafeteria fee in installments,fees
ok hello {bot} man,greeting
"i need details on i totally understand now, appreciate the detailed response as soon as possible",thanks
is there classs tomorrow,holidays
timingf or is the semester rest day,holidays
im a freshman and i really need to know what i need to do if i urgently want to change my current hostel room,hostel
talk to you later assistant,bye
just a quick question: greetings from a confused first year student,greeting
sup refund policy of the school fee,fees
could you shed some light on if the library and cafeterias stay open during the mid semester reading week,holidays
i am looking for information on how many credit hours i need to take to graduate from the pharmacy program,courses
can you explai nhow i can find the official email address for the head of the cs department for me please,contacts
i am trying to figure out how i can request a student copy of my transcript for personal use today,results
i am trying to figure out if there is a comprehensive staff directory where i can find my prof's contact info today,contacts
well good morning,greeting
"hey there, i am trying to find out if online enrollment is still open for us this semester",registration
how to get my transcript,results
"i really need to understand hello campus assistant, i need your guidance",greeting
"could you please claarify okay i am done asking questions, shutting down the chat",bye
quick question: leaving the student residence,hostel
quick question: tell me about the arts degree,courses
see you pls,bye
"hey bot, i need some quick advice about if we actually have any classes schedueld during the upcoming holiday week",schedule
hey what are is the next day off,holidays
"hey bot, i need some quick advice about when the actual test dates for the midterms will be officially announced",exam
"can you explain where the university posts its official announcements, like a telegram channel or facebook page for me please",contacts
transfer student status of,admission
how exactly do i handle what kind of undergraduate degree programs are currently open for new students,courses
quick question: leaving the dorm,hostel
change accommodation room,hostel
my prof told me to check is there a human or a bot here to help me,greeting
yo let me know the academic calendar for this semester,schedule
"could you please clarify thanks for your time, i am leavnig the session",bye
does anyone know if we get any days off classes to celebrate national public holidays like eid or christmas,holidays
do you happen to know where i log in to check my official admission status or moe placement result,admission
could yoou shed some light on where the heck the freshman orientation is being held today,location
i need the routine for masters program,schedule
"i have no idea hey, i could really use some help navigating the unversity stuff",greeting
campus map couldd you,location
can i pay semester fee in intsallments,fees
leave mate,bye
where to pay cafeteria fee,fees
i would like to inquire: list days of the week do we have the software engineering tutorial,schedule
you are the best dude,thanks
close now,bye
location of is the make up exam held,exam
exactly what i needed mate,thanks
what classes are offered in pharmacy,courses
im confused about how i can request a student copy of my transcript for personal use,results
just a quick question: where i can view my complete semester timetable online without going to the office,schedule
"hey i want to study accounting, can i see are the electives",courses
im a freshman and i really need to know good morning to whoever is managing this chat,greeting
can you explain what the cut off mark or passing point is for the national entrance exam this year for me please,admission
could you please tell me passing makr for final,exam
just a quick question: where i should go to report a broken window or plumbing issue in my dorm room,hostel
perfect now,thanks
"hey bot, i need some quick advice about what the passing mark is for the national exit exam in engineering",exam
just a quick question: what original documents i need to physically bring during the new student enrollment,admission
would you mind telling me which specific bank account number i should use to transfer my dorm and cafeteria fees because i am confused,fees
cool thanks assistant,thanks
what is the deal with what a failing f grade does to my overall academic standing and honor roll chances,results
can you explain what the cut off mark or passing point is for th national entrance exam this year for me please,admission
quick question: campus map pls,location
call the dean,contacts
would you mind telling me greetings from a confused first yaer student because i am confused,greeting
can you explain how i can request a student copy of my transcript for personal use for me please,results
"i need details on hi there, are you available to chat for a minute as soon as possible",greeting
"i'm totally lost, can you explain i totally understand now, appreciate the deatiled response",thanks
my friend asked me about good morning to whoever is managing this chat and i don't know the answer,greeting
pay the cost sharing,fees
my friend asked me about if i can take a minor in business administration alongside my engineering degree and i don't know the answer,courses
i am looking for information on how i can find the official email address for the head of the cs department,contacts
does anyone know how course reg works for freshmen coming in this year,registration
how exactly do i handle the exact deadline for submitting the application forms for the dean's list award,scholarship
is it true that if there is a specific fee waiver available for students with recognized disabilities,scholarship
inform me the day off calendar,holidays
when do we close for event,holidays
im a freshman and i really need to know how to reach out directly to the president's office for a formal academic inquiry,contacts
tell me about dormitory,hostel
"greetings, do you offer fee waiver",scholarship
is it true that what happens to my registration status if i have an overdue penaltty payment,fees
cmplain about my score,results
how to navigate to toilet,location
i need details on how a student with a high gpa can actually apply for merit based financial aid as soon as possible,scholarship
just a quick question: when the continuous assessment period is supposed to start according to the scheduel,schedule
clarify about student loan,scholarship
"could you shed some light on that's all i needed to know, goodbye for now",bye
can i see disciplines are available in the accounting college,courses
perfect mate,thanks
hey date for do classes start,schedule
what are is the next weekend,holidays
"im a freshman and i really need to know hey guys, hoping someone can answer my questions today",greeting
please guide me on which depts actually offer postgraduate studies or masters degrees,courses
sup bot,greeting
hi there pls,greeting
is the test hard,exam
could you shed some light on if the faculty of arts offers any short term certificate courses,courses
would you mind telling me what happens if i forget to register before the system closes because i am confused,registration
can you explain the exact location of the campus cafeteria that serves vegan food for m please,location
"greetings, is there any financial aid",scholarship
can someone tell me the emergency contact number for the campus police or the student health clinic,contacts
can you explain the exact steps to add or drop a module before the penalty kicks in for me please,registration
can someone tell me where the heck the freshman orientation is being held today,location
"can someone tell me you are a lifesaver, thanks bot",thanks
sup steps to to process of entrance exam,admission
so my question is regarding is there a human or a bot here to help me,greeting
good job bot,thanks
"i was wondering if you could help me figure out thanks for your time, i am leaving the session",bye
would you mind telling me how i can generate a digital payment receipt after paying via cbe birr or telebirr because i am confused,fees
sup tell me about enrollment,admission
my friend asked me about if the weekend extension program follows the exact same semester calendar and i don't know the answer,schedule
does anyone know what happens if i forget to register before the system closes,registration
hey what is is the midterm results,exam
im confused about good morning to whoever is managing this chat,greeting
if we get any days off classes to celebrate national public holidays like eid or christmas,holidays
"i need details on that's all i needed to know, goodbye for now as soon as possible",bye
leaving the dromitory,hostel
"i'm totally lost, can you explain awesome, thanks for the clarification on that",thanks
guide me to to contact department head,contacts
"hey there, i am trying to find out the difference between the software engineering and regular computer science majors",courses
thank you for the informatin bot,thanks
abort bot,bye
"i am looking for info on okay bye, thanks for pointing me in the right direction",bye
my friend asked me about what the strict rules are regarding bringing calculators into the exam hall and i don't know the answer,exam
i was wondering if you could help me figure out what the exact formula is to correctly calculate my cumulative gpa,results
could you shed some light on if the university provides any sort of monthly stipend or living allowance,scholarship
am i admittted,admission
could you please tell me i need the routine for bachelors program,schedule
my prof told me to check if the university admission office accepts late applications under special circumstances,admission
when is is the enrollment dates,registration
"i'm totally lost, can you explain alright that makes sense, i'm gonna log off now",bye
give me the date of is my next lecture,schedule
i am looking for info on where i should go to report a broken window or plumbing isue in my dorm room,hostel
i needt he curriculum for social sciences,courses
kindly list all weekends,holidays
could you shed some light on what the cut off mark or passing point is for the national entrance exam this year,admission
could you shed some light on if the faculty of ats offers any short term certificate courses,courses
i would like to inquire: let me know the day off calendar,holidays
quick question: help desk number,contacts
i am trying to figure outt when the absolute final deadline is for paying this semester's tuition without a penalty today,fees
where is is the exit exam held,exam
please guide me on if master's degree students have a completely different fee structure than undergrads,fees
quick question: how to join the university,admission
how to join the univeersity,admission
i'm a bit stuck trying to understand if the university offers any fully funded sponsorship opportunties for international students,scholarship
can you explain what kind of undergraduate degree programs are currently open for new students for me please,courses
what is the deal with if the university admission office accepts late aapplications under special circumstances,admission
"i'm a bit stuck trying to understand thanks for the chat, i have to ru nto my next class",bye
"i really need to understand hello, i am a new student and i need some assistance",greeting
what are is the bed space fee,hostel
ok is this the student information bot pls,greeting
i'm a bit stuck trying to understand what the syllabus looks like for the introduction to economics class,courses
selam man,greeting
please guide me on if tomorrow is considered a public rest day meaning we don't have to attend lectures,holidays
could you please clarify what the strict eligibility criteria are for the need based scholarship program,scholarship
"my prof told me to check that's all i needed to know, goodbye for now",bye
i am looking fori nfo on how to apply for a student loan to cover the heavy tuition costs,scholarship
"would you mind telling me hello, i am new student and i need some assistance because i am confused",greeting
clarify the exit exam dates,exam
would you mind telling me how i can find the official email address for the head of the cs dept because i am confused,contacts
can you explain if i can take a minor in business administration alongside my engineering degree for me please,courses
what is the way to to opportunities for allowance,scholarship
tell me the contact info,contacts
would you mind telling me why my final mark for data structures is showing up as missing on the system because i am confused,results
what is the deal with whether there are any special campus events planned for the alumni homecoming weekend,holidays
do you happen to know how to apply for a student loan to cover the heavy tuition costs,scholarship
the process for filing a formal grade appeal if i think my professor made a mistake,results
plz inform me where is the cafeteria is,location
yo am i registered,registration
which building houses the finance office so i can pay my tuition,location
"greetings, please print my score",results
see ya,bye
kindly i need the comprehensive exam schedule,exam
i need some urgent help with how i can get a copy of my official transcript for an external internship application,results
call the departmnt head,contacts
i'm abit stuck trying to understand if we get any days off classes to celebrate national public holidays like eid or christmas,holidays
passing mark for national exam,exam
how exactly do i handle if tomorrow is considered a public rest day meaning we don't have to attend lectures,holidays
im a freshman and i really need to know how the formal admission process works for students transferring from another university,admission
how to get my honor roll,results
im a freshman and i really need to know where i need to take my bank slip to get financial clearance from the admin,fees
got it thanks dude,thanks
what classes are offered in law,courses
can i se the academic shift,schedule
so my question is regarding what documents are absolutely required when applying for the campus bursary grant,scholarship
yo what is the passing gpa,results
i am trying to figure out where i need to take my bank slip to get financial clearance from the admin today,fees
"my friend asked me about okay i am done asking questions, shutting down the chat and i don't know the answer",bye
hey {bot} mate,greeting
"is it true that i have no more questions right now, so peace out",bye
sup what subjects are available,courses
i am looking for info on if online enrollment is still open for us this semester,registration
i have no idea where i need to take my bank slip to get financial clearance from the admin,fees
i need the timetable for diploma program,schedule
can i see is my class times,schedule
could you give me the help desk,contacts
could you shed some light on which building houses the finance office so i can pay my tuition,location
i really need to understand the exact steps to add or drop a module before the penalty kicks in,registration
"just a quick question: i totally understand now, appreciate the detailed response",thanks
sup finals timings,exam
i am trying to figure out just popping in to say hi and ask a quick thing today,greeting
my friend asked me about if the dormitories force students to leave during the long winter break and i don't know the answer,holidays
i was wondering if you could help me figure out how a student with a high gpa can actually apply for merit based financial aid,scholarship
transfer student process of,admission
entrance exam for enrollment,admission
how to navigate to library,location
does anyone know if there is a specific fee waiver available for students with recognized disabilities,scholarship
hey how to to do clearance,registration
kindly i want to know how to get a bed space,hostel
my prof told me to check the easiest way to navigate to the student clinic if i am coming from the dorms,location
can you explain why i keep getting lost trying to find the computer lab in block 5 for me please,location
i'm a bit stuck trying to understand when the university officially closes down for the long summer vacation break,holidays
how i can fix my schedule if the reg portal is showing an error,registration
give me the physical address of the architecture department,location
when dose the semester end,schedule
missinng grade complaint,results
"i need some urgent help with hey, i could really use some help navigating the university stuff",greeting
weekend break,holidays
"what is the deal with have a great rest of your day, i am logging out",bye
would you mind telling me what a failing f grade does to my overall academic standing and honor roll chances because i am confused,results
hey brilliant today,thanks
kindly where is block 5 situated,location
kindly clarify where to register,registration
is this the student information bot assistant,greeting
my friend asked me about how i can fix m scheduel if the reg portal is showing an error and i don't know the answer,registration
what time is will grade be out,results
i'm a bit stuck trying to understand ifonline enrollment is still open for us this semester,registration
"my friend asked me about that's all i needed to know, goodbye for now and i don't know the answer",bye
when do we close forw eekend,holidays
i have no idea when the university offiically closes down for the long summer vacation break,holidays
"would you mind telling me that perfectly answered my question, cheers because i am confused",thanks
could you please tell me give me info on about entrance exam,admission
quick question: change student residence room,hostel
freshman clearance,registration
"could you please clarify you are a lifesaver, thanks bot",thanks
suport email,contacts
my friend asked me about just popping inn to say hi and ask a quick thing and i don't know the answer,greeting
would you mind telling me the specific clearance process i have to follow when moving out of the hostel because i am confused,hostel
"just a quick question: awesome, thanks for the clarification on that",thanks
"hi there, are you available to chat for a minute",greeting
please guide me on greetings from a confused first year student,greeting
why i keep getting lost trying to find the computer lab in block 5,location
please guide me on whether there are any special campus events planned for the alumni homecoming weekend,holidays
can you explain where the registrar office is actually located on the main campus for me please,location
i would like to inquire: schedule for is the mid semester weekend,holidays
well sup mate,greeting
"okay bye, thanks for pointing me in the right direction",bye
fully funded stipend,scholarship
"im confused about okay perfect, thank you for taking the time to explain",thanks
give me info on about registration,admission
could you shed some light on how the evening shift class timings differ from the regular daytime routine,schedule
the rules regarding bringing heavy electrical appliances into the campus housing,hostel
is medicine a major here,courses
just a quick question: if online enrollment is still open for us this semester,registration
im confused about if the dormitories force students to leave during the long winter break,holidays
ssup can you list the available majors,courses
"hey there, i am trying to find out if the dormitories force students to leave during the long winter break",holidays
do you appen to know how the comprehensive exam is structured for graduating seniors,exam
"hey bot, i need some quick advice about the difference between the software engineering and regular cs majors",courses
my friend asked me about the process for filing a formal grade appeal if i think my professor made a mistake and i don't know the answer,results
yo dude,greeting
im a freshman and i really need to know how to find the faculty of business administration dean's office,location
sup late dorm fee penalty,fees
i need my official trancsript,results
could you shed some light on whether the supplementary exams happen before or after the semester break,exam
hey where to pay registration fee,fees
im confused about where i go to get clearance before they will hand over my final transcript,results
clarify about the architecture degree,courses
i was wondering if you could help me figure out what time the computer architecture test starts tomorrow morning,exam
can you explain where i can view my complete semester timetable online without going to the office for me please,schedule
yo i need is the registration deadline,registration
"i was wondering if you could help me figure out i totally understand now, appreciate the detailed response",thanks
hey guide me to to do registration,registration
do you happen to know what time the afternoon tutorial for applied mathematics usually ends,schedule
do you happen to know where i can find a legitimate sponsor to help cover my cost sharing expenses,scholarship
{please} help me pls,greeting
"could you shed some light on you are a lifesaver, thanks bot",thanks
hi can you provide me with some info man,greeting
does anyone know if the cs dept has any artificial intelligence electives this term,courses
sup can you help me find the freshman building,location
my friend asked me about how i am supposed to get to the engineering building from the main librery and i don't know the answer,location
hey how to get my academic recrod,results
steps to to criteria for sponsor,scholarship
when is is the public day off,holidays
what is the deal with who i should contact if i have a serious complaint about a specific faculty member,contacts
so my question is regarding if there are any makeup classes planned for the lectures we missed last monday,schedule
"hey bot, i need some quick advice about where the heck the freshman orientation is being held today",location
could you shed some light on when the continuous assessment period is supposed to start according to the scheduel,schedule
what time is the exi texam,exam
i really need to understand if there is a specific fee waiver available for students with recognized disabilities,scholarship
sup tell me the day off calendar,holidays
kindly give me the website,contacts
i would like to inquire: timing for is the registration requirements,registration
sup do you offer stipend,scholarship
catch you later bot,bye
my friend asked me about what the passing mark is for the national exit exam in engineering and i don't know the answer,exam
im confused about where i should go to report a broken window or plummbing issue in my dorm room,hostel
ok good job man,thanks
sup clarify about registration,registration
yo what is majors do you have,courses
what the direct phone number is for the main registrar's office,contacts
give me the date of will academic record be out,results
plz i want to know how to get student loan,scholarship
yo is thereany fee waiver,scholarship
"thanks for your time, i am leaving the session",bye
could you please tell me i need the curriculum for mechanical engineering,courses
"hey there, i am trying to find out how a student with a high gpa can actually apply for merit based financial aid",scholarship
entrance exam for placement,admission
kindly inform me about the economics degree,courses
how i can get a copy of my official transcript for an external internship application,results
i need details on where i can sceurely check my semester grades online through the student portal as soon as possible,results
"i'm totally lost, can you explain where i can find the academic calendar that outlines all the semester rest days",holidays
i need some urgent help with when hte academic records office will finally release the graduation results,results
i really need to understand what the specific date is for the upcoming graduation ceremony event,holidays
do you happen to know how the proctor decides which bed space belogns to which student in a shared room,hostel
please guide me on where the registrar office is actually located on the main campus,location
can you explain where i need to take my bank slip to get financial clearance from the admin for me please,fees
"i'm totally lost, can you explain if the library and cafeterias stay open during the mid semester reading week",holidays
could you please clarify how to reach out directly to the president's office for a formal academic inquirry,contacts
"greetings, give me info on about dormitory",hostel
just a quick question: how the comprehensive exam is structured for graduating seniors,exam
how exactly do i handle where i can securely check my semester grades online through the student portal,results
i'm a bit stuck trying to understand how many credit hours i need to take to graduate from the pharmacy program,courses
"would you mind telling me brilliant, i appreciate you sorting that out for me because i am confused",thanks
could oyu please tell me enrollment process,registration
i need details on what a letter of acceptance looks like and when i should expect to receive it as soon as possible,admission
pasing mark for national exam,exam
could you shed some light on wh oi should contact if i have a serious complaint about a specific faculty member,contacts
howdy dudde,greeting
"greetings, how to tof ind stipend",scholarship
"brilliant, i appreciate you sorting that out for me",thanks
is it true that where the registrar office is actually located on the main campus,location
im confused about the physical p.o. box or zip code i should use if i want to mail a document to the admin,contacts
could you shed some light on what happens if i forget to register before the system closes,registration
could you please clarify what happens to my registration status if i have an overdue penalty payment,fees
im confused about how i can generate a digital payment receipt after paying via cbe birr or telebirr,fees
my friend asked me about when the post exam break officially starts so i can book my bus ticket home and i don't know the answer,holidays
i want to know the penalty,fees
"can you explan got it, i will reach out later if i need more info. bye for me please",bye
quick question: can i see is the next ceremony,holidays
ok ince one bot,thanks
"i'm a bit stuck trying to understand that is exactly what i was looking for, much obliged",thanks
wsgg now,greeting
where to pay cost sharing,fees
"would you mind telling me awesome, thanks for the clarification on that because i am confused",thanks
my prof told me to check if it is possible to pay the heavy school fees in smaller monthly installments,fees
just a quick question: if master's degree students have a completely different fee structure than undergrads,fees
"i am looking for informaton on that's all i needed to know, goodbye for now",bye
i was wondering if you could help me figure out the specific clearance process i have to follow when moving out of the hostel,hostel
i would like to inquire: plz inform me the routine for for seniors,schedule
would you mind telling me what the exact formula is to correctly calculate my cumulative gpa because i am confused,results
sup assistant,greeting
yo give me time does the class end,schedule
im a freshman and i really need to know where i should go to report a broken window or plumbing issue in my dorm room,hostel
i really need to understand if there is a specific fee waiver available for students with recognized disabiltiies,scholarship
can i see is my calendar,schedule
please guide me on how many credit hours i need to take to graduate from the pharmacy program,courses
"my prof told me to check hey, i could really use some help navigating the university stuff",greeting
my friend asked me about how to apply for a student loan to cover the heavy tuition costs and i don't know the answer,scholarship
my prof told me to check what i need to do if i urgently want to change my current hostel room,hostel
how exactly do i handle if there are any makeup classes planned for the lectures we missed last monday,schedule
plz list all vacations,holidays
transfer student requirement for,admission
can you explain the rules regarding bringing heavy electrical appliances into the campus housing for m eplease,hostel
show me disciplines are available in the engineering college,courses
show thee national exam academic calendar,exam
give me the course outline for architecture,courses
can someone tell me how course registration works for freshmen coming in this year,registration
thanks {bot} pls,thanks
could you please tell me enrollment process,registration
"please guide me on have a great rest of your day, i am logging out",bye
"hey bot, hope you're having a good day",greeting
adios today,bye
late school fee penalty,fees
"hey there, i am trying to find out hi there, are you available to chat fora minute",greeting
ty,thanks
sup proecss for to criteria for entrance exam,admission
does anyone know whether the supplementary exams happen before or after the semester break,exam
i need some urgent help wih the specific clearance process i have to follow when moving out of the hostel,hostel
"how exactly do i handle that is exactly what i was looking for, much obliged",thanks
i was wondering if you could help me figure out how course reg works for freshmen coming in this year,registration
late enrollment,registration
"how exactly do i handle thanks for the chat, i have to run to my next class",bye
dorm assiignment,hostel
please guide me on what the routine looks like for the annual university sports week and cultural day,holidays
super helpful,thanks
when do we close for cremony,holidays
"what is the deal with that is exactly what i was looking for, much obliged",thanks
"i'm totally lost, can you explain if the faculty of arts offers any short term certificate courses",courses
quick question: am i registered,registration
i'm a bit stuck trying to understand how i can fix my schedule if the reg portal is showing an error,registration
"greetings, university closure for public closure",holidays
how to to contact clinic,contacts
i really need to understand how i can generate a digital payment receipt after paying via cbe birr or telebirr,fees
entrance exam for admission,admission
yo,greeting
could you shed some light on where i can find the timetable for my upcoming continuous assessments and quizzes,exam
thanks aa lot assistant,thanks
i need subjects do you have,courses
"hey there, i am trying to find out if the university website has a live chat feature for immediate customer service",contacts
please guide me on if it is possible to pay the heavy school fees in smaller monthly installments,fees
going offline assistant,bye
no more questions for now bye pls,bye
just a quick question: if i can take a minor in business administration alongside my engineering degree,courses
i was wondering if you could help me figure out if the university provides married student housing or couples dormitories,hostel
i would like to inquire: university closure for easter day off,holidays
i need details on if there is a specific fee waiver available for students with recognized disabilities as soon as possible,scholarship
what is the way to to do clearance,registration
im confused about if the continuous assessment scores are added to the final exam result automatically,results
i am looking for info on where i need to take my bank sip to get financial clearance from the admin,fees
i need is the room fee,hostel
would you mind telling me what the syllabus looks like for the introduction to economics class because i am confused,courses
im a freshman and i really need to know what the exact formula is to correctly calculate my cumulative gpa,results
schedule for does registration strat,admission
"could you shed some light on where the university posts its official announcements, like a telegram channel or facebook page",contacts
my prof told me to check whether we get consistent wifi and electricity inside the campus accommodation blocks,hostel
could you give me info on my transfer status,admission
i really need to understand if tomorrow is considered a public rest day meaning we don't have to attend lectures,holidays
i have no idea if the university provides married student housing or couples dormitories,hostel
could you please tell me is tomorrow a vacation,holidays
"could you please clarify okay i am done asking questions, shutting down the chat",bye
hwen is is my next lecture,schedule
"i am looking for information on i totally understand now, appreciate the detailed response",thanks
is it true that if the dormitories force students to leave during the long winterr break,holidays
great help mate,thanks
"would you mind telling me that is exactly what i was looking for, much obliged because i am confused",thanks
can someone tell me what kind of undergraduate degree programs are currently open for new students,courses
i am trying to figure out what happens if i forget to register before the system closes today,registration
"greetings, finals calendar",exam
"i am trying to figure out hello, i am a new student and i need some assistance today",greeting
i was wondering if you could help me figure out if self sponsored students have a different enrollment process,registration
quick question: i ned the exam lecture hours,exam
i want to know the address,contacts
"im a freshman and i really need to know thank you so muuch, you saved me a trip to the admin office",thanks
my prof told me to check who i should contact if i have a serious complaint about a specific faculty member,contacts
hello dude,greeting
im afreshman and i really need to know what the passing mark is for the national exit exam in engineering,exam
let me know my academic record,results
i need details on is there a human or a bot here to help me as soon as possible,greeting
i am looking for information on the easiest way to navigate to the student clinic if i am coming from the dorms,location
what is the deal with if there is any chance to take a make up exam if i get sick during finals week,exam
hey dor assignment,hostel
quick question: plz inform me where to register,registration
changge student residence room,hostel
i need details on who i should contact if i have a serious complaint about a specific faculty member as soon as possible,contacts
quick question: dorm assignment,hostel
sup how too navigate to freshman building,location
please i need to know where to register,registration
plz show the exit exam timetable,exam
sup where is the portal for cgpa,results
i would like to inquire: please list all modules,courses
so my question is regarding if the dormitories force students to leave during the long winter break,holidays
i am trying to figure out whether the supplementary exams happen before or after the semester break today,exam
talk to you later,bye
where to locate is the accommodation,hostel
"i am looking for information on hi there, are you available to chat for a minute",greeting
"hey bot, i need some quick advice about if i can take a minor i nbusiness administration alongside my engineering degree",courses
where to find the phone number,contacts
if there is a 24/7 help desk number i can call for urgent IT support issues,contacts
could you please tell me what time is the assessment,exam
"hey bot, i need some quick advice about why my final mark for data structures is showing up as missing on the system",results
please guide me on how the evening shift class timiings differ from the regular daytime routine,schedule
can i see are the fund requirements,scholarship
date for is hte tuition deadline,fees
yo list all electives,courses
show me are the core electives,courses
what is the way to to letter for entrance exam,admission
i would like to inquire: is the make up exam hard,exam
awesomme man,thanks
how i can find the official email address for the head of the computer science department,contacts
can you explain whether there are any special campus events planned for the alumni homecoming weekend for me please,holidays
could you please clarify what the routine looks like for the annual university sports week and cultural day,holidays
i have no idea where the digital library is situated compared to the regular book store,location
quick question: when is is the scholarship deadline,scholarship
quick question: i need to know about campus housing,hostel
plz print my result,results
"that perfectly answered my question, cheers",thanks
"i'm totally lost, can you explain what the exact formula is to correctly calculate my cumulative gpa",results
kindly do you offer grant,scholarship
"i am trying to figure out hey guys, hoping someone can answer my questions today today",greeting
hey guide me to to change room,hostel
sup what is is the telegram channel for department head,contacts
pls show me where to register,registration
my prof told me to check why my final mark for data structures is showing up as missing on the system,results
goodbye assistant,bye
could you plase tell me inform me the departments for physics,courses
"i have no idea hello, i am a new student and i need some assistance",greeting
plz give me the address,contacts
what are is the next vacation,holidays
yo clarify the courses for accounting,courses
clarify my transcript,results
hi bot} mate,greeting
how much is the cost sharing,fees
"i want to study nursing, can i see are the subjects",courses
got it thanks assistant,thanks
where to locate the main gate,location
can i see is the next day off,holidays
so my question is regarding when the academic records office will finally release the graduation results,results
could you please tell me give me is the next vacation,holidays
i need details on iif self sponsored students have a different enrollment process as soon as possible,registration
i need some urgent help with how to find the faculty of business administration dean's office,location
hi there mate,greeting
clarify about bursary,scholarship
what the strict eligibility criteria are for the need based scholarship program,scholarship
much appreciated mae,thanks
much appreciated man,thanks
ca you explain where the digital library is situated compared to the regular book store for me please,location
"greetings, list is the exam deadline",exam
"hey there, i am trying to find out what kind of undergraduate degree programs are currently open for new students",courses
i am looking for information on how i can find the official email address for the head of the comp sci dept,contacts
afternoon,greeting
could you please clarify what the strict rules are regarding bringing calculators into the exam hall,exam
"hey there, i am trying to find out is there a human or a bot here to help me",greeting
i would like to inquiree: payment the dorm fee,fees
"im confused about i have no more questions right now, so peace out",bye
i have no idea what i need to do if i urgently want to change my current hoostel room,hostel
just a quick question: what a letter of acceptance looks like and when i should expect to receive it,admission
missing student copy complaint,results
do you offer medicine departments,courses
which building is the dormitory in,location
i need details on if there are any makeup classes planned for the lectures we missed last monday as soon as possible,schedule
im confused about where i can find a legitimate sponsor to help cover my cost sharing expenses,scholarship
"awesome, thanks for the clarification on that",thanks
i am trying to figure out whethr we get consistent wifi and electricity inside the campus accommodation blocks today,hostel
afternoon bot,greeting
i have no idea the easiest way to navigate to the student clinic if i am coming from the dorms,location
i'm a bit stuck trying to understand when my software engineering lecture is supposed to happen tomorrow,schedule
"hey there, i am trying to find out where i can find the academic calendar that outlines all the semester rest days",holidays
guide me to to lteter for registration,admission
nice one mate,thanks
could you please tell me requirements for admission,admission
could you please tell me leaving the room,hostel
quick question: is the toilet nearby,location
hey receipt for the registration fee,fees
location of is my academic calenddar,schedule
"what is the deal with that perfectly answered my question, cheers",thanks
i would like to inquire: what are is the add drop deadline,registration
"greetings, where can i find is the campus housing",hostel
date for is the cost sharing deadline,fees
would you mind telling me where i can securely check my semester grades online through the student portal because i am confused,results
how course registration works for freshmen coming in this year,registration
can someone tell me how i can apply for postgraduate admission if i already have my bachelor's degree,admission
give me disciplines are available in the architecture college,courses
i'm a bit stuck trying to understand where i need to take my bank slip to get financial clearance from the admin,fees
"hey there, i am trying to find out what the strict rules are regarding bringing calculators into the exam hall",exam
show me is the student residence fee,hostel
shutting down the chat bye now,bye
i need details on when the actual test dates for the midterrms will be officially announced as soon as possible,exam
"greetings, is tomorrow a ceremony",holidays
do you happen to know the process for filing a formal grade appeal if i think my prof made a mistake,results
"would you mind telling me hello, i am a new student and i need some assistance because i amc onfused",greeting
aam i registered,registration
"i am looking for info on hey bot, hope you're having a good day",greeting
so my question is regarding what i need to do if i urgently wantt to change my current hostel room,hostel
i need to know the help desk,contacts
could you shed some light on what i should do because i completely missed the late reg deadline,registration
clarify the ceremony calendar,holidays
can i see time does the class end,schedule
"greetings, missing result complaint",results
would you mind telling me when the absolute final deadline is for paying this semester's tuition without a penalty because i am confused,fees
can you explain how i can get a copy of my official transcript for an external internship application for me please,results
"i'm a bit stuck trying to understand hi there, are you availbale to chat for a minute",greeting
quick question: give me is my grade,results
give me info on the lecture hours for today,schedule
what is the deal with the specific clearance process i have to follow when moving out of the hostel,hostel
is it true that where the digital library is situated compared to the regular book store,location
could you please clarify where i need to take my bank slip to get financial clearance from the admin,fees
hey i am lost can you help,greeting
i really need to understand where i go to get clearance before they will hand over my final transcript,results
"please guide me on alright that makes sense, i'm gonna log off now",bye
"i'm totally lost, can you explain where the university posts its official announcements, like a telegram channel or facebook page",contacts
i need the academic calendar for evening program,schedule
"could you please clarify hi there, are you available to chat for a minute",greeting
is the toilet nearby,location
"can someone tell me hey, i could really use some help navigating the university stuff",greeting
please guide me on if self sponsored students have a different enrollment process,registration
sup what time is the make up exam,exam
list time does the class end,schedule
"i need details on hey, i could really use some help navigating the university stuff as soon as ossible",greeting
i need the timetable for phd program,schedule
quick question: what is the way to to fee for accommodation,hostel
can i see are the core programs,courses
hola today,greeting
thank you for the information pls,thanks
so my question is regarding what the strict eligibility criteria are for the need based scholarship program,scholarship
"i have no idea thank you so much, you saved me a trip to the admin office",thanks
how exactly do i handle how to use the student portal to sign up for my electives,registration
could you shed some light on if i can easily change my assigned department after i get conditionally admitted,admission
could you shed some light on where i can download the complete course catalog for the upcoming academic year,courses
i have no idea if there is a non-refundable application fee required before submitting my forms,admission
can you help me find the stadium,location
calculate my mrak,results
"could you please clarify okay perfect, thank you for taking the time to explain",thanks
"i need details on alright that makes sense, i'm gonna log off now as soon as possible",bye
that's all ppls,bye
daet for is the national vacation,holidays
"greetings, i need days of the week do we have the software engineering tutorial",schedule
kindly print my student copy,results
is physics a major here,courses
hey list all classes,courses
i am looking for info on why i keep getting lost trying to find the computer lab in block 5,location
thanks {bot},thanks
what classes are offered in economics,courses
done with my queries bye assistant,bye
let me know the assessment ates,exam
"i am trying to fiigure out hey guys, hoping someone can answer my questions today today",greeting
kindly where is the portal for grade,results
i have no idea where the digital librery is situated compared to the regular book store,location
refund policy of the cafeteria fee,fees
clarify about application,admission
sup official website,contacts
"my friend asked me about i am so glad i asked, thanks for the guidnce and i don't know the answer",thanks
what is thee passing gpa,results
could you shed some light on if female students have access to any exclusive financial support porgrams,scholarship
quick question: what is is the semester fee,fees
when the university officially closes down for the long summer vacation break,holidays
hey help desk unmber,contacts
does anyone know the exact location of the campus cafeteria that serves vegan food,location
im a freshman and i really need to know just popping in to say hi and ask a quick thing,greeting
list all closures,holidays
that's all,bye
i need details on how the evening shift lass timings differ from the regular daytime routine as soon as possible,schedule
can you direct me to the cafeteria,location
mmissing gpa,results
kindly show me my registration status,admission
bank account for extension fee,fees
"my friend asked me about that perfectly answered my question, cheers and i don't know the answer",thanks
"my friend asked me about hey guys, hoping somene can answer my questions today and i don't know the answer",greeting
yo wonderful mate,thanks
well excellent,thanks
"greetings, pls inform me the shift for for seniors",schedule
"hey there, i am trying to find out good morning to whoever is managing this chat",greeting
"greetings, give me the physical address o the architecture department",location
i really need to understand when the actual test dates for the midterms will be officially announced,exam
is it true that how the evening shift class timings differ from the regular daytime routine,schedule
im a freshman and i really need to know if the university website has a live chat feature for immediate ccustomer service,contacts
"my friend asked me about have a great rest of your day, i am logging out and i don't know the answer",bye
"im confused about okay i am done asking questions, shutting down the chat",bye
"greetings, kindly give me info on my transfer status",admission
"i'm totally lost, can you explain when the academic records office will finally release the graduation results",results
i am trying to figure out how to apply for a student loan to cover the heavy tuition costs todya,scholarship
"greetings, late add drop",registration
"greetings, pleasee explain the fee structure",fees
could you please clarify if there is a non-refundable application fee required before submitting my forms,admission
y now,thanks
is tomorrow a event,holidays
could you shed some light on if master's degree students have a completely different fee structure than undergrads,fees
do you happen to know if i can take a minor in business administration alongside my engineering degree,courses
going offline,bye
yo can yo list the available majors,courses
i would like to inquire: weekend break,holidays
does anyone know what a letter of acceptance looks like and when i should expect to receive it,admission
my friend asked me about is there a human or a bot here to help me and i don't know the answer,greeting
if female students have access to any exclusive financial support programs,scholarship
"hey there, i am trying to find out whether we get consistent wifi and electricity inside the campus accommodation blocks",hostel
just a quick question: how i can fix my scheduel if the reg portal is showing an error,registration
"please guide me on okay perfect, thank you for taking the time to explain",thanks
"i was wondering if you could help me figure out hello, i am a new student and i need some assistance",greeting
so my question is regarding the difference between the software engineering and regular comp sci majors,courses
can you explain if the cs dept has any artificial intelligence electives this term for me please,courses
i would like to inquire: list diploma subjects are available,courses
what is the deal with which specific bank account number i should use to transfer my dorm and cafeteia fees,fees
sup entrance exam for admission,admission
do you offerr grant,scholarship
what is the pssing gpa,results
i have no idea when my software engineering lecture is supposed to happen tomorrow,schedule
where the heck the freshman orientation is being held today,location
"hey there, i am trying to find out when the post exam break officially starts so i can book my bus ticket home",holidays
could you please clarify which building houses the finance office so i can pay my tuition,location
pls list all closures,holidays
i want to know about fund,scholarship
what are are the core courses,courses
please guide me on whether we get consistent wifi and electricity inside the campus accommodation blocks,hostel
i need are the student loan requirements,scholarship
guide me to to clearance for student residence,hostel
tnx bot,thanks
could you shed some light on if i can easily change my assigned dept after i get conditionally admitted,admission
"could you please clarify thanks for your time, i am leaving the session",bye
i need some urgent help with what a letter of acceptance looks like and when i should expect to receive it,admission
if non-boarding students are ever allowed to stay in the dorms overnight,hostel
when is is the semester fee deadline,fees
"do you happen to know that perfectly answered my question, cheers",thanks
"i'm totally lost, can you explain i appreciate the help, see you around campus",bye
i am trying to figure out where i can securely check mysemester grades online through the student portal today,results
kindly tell me how to get allowance,scholarship
i am trying to figure out if there is a way to do late reg without paying a massive fee today,registration
could you shed some light on what a letter of acceptance looks like and when i should expect to receive it,admission
"can you explain hey, i could really use some help navigating the university stuff for me please",greeting
hey what is is the transfer criteria for,admission
kindly give me info on about application,admission
would you mind tellig me where i can find a legitimate sponsor to help cover my cost sharing expenses because i am confused,scholarship
"what is the deal with that's all i needed to know, goodbye for now",bye
sup list is the clearance deadline,registration
is there any grant,scholarship
i'm a bit stuck trying to understand how to reach out directly to the president's office for a formal academic inquiry,contacts
"greetings, i need the curriculum for architecture",courses
could you please tell me weekend break,holidays
university closure for public ceremony,holidays
"greetings, can you help me find the main gate",location
when the academic records office will finally release the graduation results,results
could you shed some light on the exact deadline for submitting the application forms for the dean's list award,scholarship
can you explain how much the annual fee is for staying in the official student residence for me please,hostel
what time is the exit exam,exam
could you shed some light on if the university provides married student housing or couples dormitories,hostel
"greetings, what classes are offered in pharmacy",courses
"i am trying to figure out thanks for the chat, i have to run to my next class today",bye
missing score complaint,results
so my question is regarding when the absolute final deadline is for paying this semester's tuition without a penalty,fees
i need the exit exam timetable,exam
kindly where to pay dorm fee,fees
give me is the dorm fee,hostel
transfer student apply for,admission
i appreciate your help assistant,thanks
can you explain how to reach out directly to the president's office for a formal academic inquiry for me please,contacts
please guide me on how i can apply for postgraduate admission if i already have my bachelor's degree,admission
hi there friend,greeting
"i'm totally lost, can you explain what original documents i need to physically bring during the new student enrollment",admission
i would like to inquire: what is the passing gpa,results
can someone tell me what the passing mark is for the national exit exam in engineering,exam
my prof told me to check what the strict eligibility criteria are for the need based scholarship program,scholarship
how to navigate to book store,location
kindly location of is the student residence,hostel
i'm a bit stuck trying to understand if tomorrow is considered a public rest day meaning we don't have to attend lectures,holidays
i need details on how i can find the official email address for the head of the computer science dept as soon as possible,contacts
"is it true that hey, i could really use some help navigating the university stuff",greeting
dooes anyone know how course reg works for freshmen coming in this year,registration
do you happen to know where i can download the complete course catalog for the upcoming academic year,courses
how to navigate t digital library,location
"greetings, campus housing application",hostel
i need details on how i can request a student copy of my transcript for personal use as soon as possible,results
"i am trying to figure out where the university posts its official announcements, like a telegram channel or facebook page today",contacts
do you offer computer science majors,courses
i really need to understand the exact cost per credit hour for students enrolled in the evening extension program,fees
kindly lease list all programs,courses
weeken dbreak,holidays
"i'm a bit stuck trying to understand where the university posts its official announcements, like telegram channel or facebook page",contacts
thanks for helping assistant,thanks
my pro ftold me to check just popping in to say hi and ask a quick thing,greeting
i would like to inquire: can i see the degrees catalog,courses
later,bye
yo navigate to is the test held,exam
can someone tell me if tomorrow is considered a public rest day meaning we don't have to attend lectures,holidays
do you happen to know if the continuous assessment scores are added to the final exam result automatically,results
finals lectuer hours,exam
change bed space room,hostel
i'm a bit stuck trying to understand if the continuous assessment scores are added to the final exam result automatically,results
"greetings, am i registered",registration
thanks mate today,thanks
i am looking for the freshman building,location
my prof told me to check how much the annual fee is for staying in the offical student residence,hostel
"i was wondering if you could help me figure out awesome, thankks for the clarification on that",thanks
quick question: which building is the stadium in,location
"could you please clarify where the university posts its official announcements, like a telegram channel or facebook page",contacts
quick question: give me info on about clearance,registration
does anyone know how i can generate a digitl payment receipt after paying via cbe birr or telebirr,fees
where is the portal for academic record,results
"i am trying to figure out hey, i could really use some help navigating the university stuff today",greeting
"so my question is regarding i have no more questions right now, so peace out",bye
could you please tell me kindly i need to know navigate to the library is,location
"greetings, support email",contacts
what time is is the summer day off,holidays
"hey there, i am trying to find out how the proctor decides which bed space belongs to which student in a shared room",hostel
could you please clarify who i should contact if i hav ea serious complaint about a specific faculty member,contacts
"what is the deal with hey guys, hoping someone can answer my questions today",greeting
done with my queries bye pls,bye
would you mind telling me if online enrollment is still open for us this semester because i am confused,registration
i am trying to figure out what documents are absolutely required whe applying for the campus bursary grant today,scholarship
refund policy of the extension fee,fees
"i'm totally lost, can you explain the rules regarding bringing heavy electrical appliances into the campus housing",hostel
i want to know about enrollment,admission
"would you mind telling me that's all i needed to know, goodbye for now because i am confused",bye
just a quick question: what the cut off mark or passing point is for the national entrance exam this year,admission
i am trying to figure out where i log in to check my official admission status or moe placement result today,admission
would you mind telling me if the university offers any fully funded sponsorship opportunities for international students because i am confused,scholarship
would you mind telling me if there are any makeup classes planned for the lectures we missed last monday because i am confused,schedule
hola friend,greeting
when do we close for vacation,holidays
could you please tell me what is is the help desk for registrar,contacts
would you mind telling me how many credit hours i need to take to graduate from the pharmacy program because i am confused,courses
would yo mind telling me where i can securely check my semester grades online through the student portal because i am confused,results
would you mind telling me if self sponsored students have a different enrollment process because i am confused,registration
thanks for helping,thanks
if the faculty of arts offers any short term certificate courses,courses
i would like to inquire: how to get my grade,results
so my question is regarding how the proctor decides which bed space belongs to which student in a shared room,hostel
is it true that if the university website has a live chat feature for immediate customer service,contacts
hey what is is the registration deadline,registration
i was wondering if you could help me figure out how to apply for a student loan to cover the heavy tuition costs,scholarship
"just a quick question: hey bot, hope you're having a good day",greeting
i am looking for info on how course reg works for freshmen coming in this year,registration
could you please tell me bank account for cost sharing,fees
im confused about the specific clearance process i have to follow when moving out of the hostel,hostel
kindly show the test routine,exam
ineed the calendar for extension program,schedule
requirements for placement,admission
could you please tell me can i see the academic shift,schedule
i need some urgent help with the exact deadline for submitting the application forms for the dean's list award,scholarship
wsg,greeting
i am trying to figure out if online enrollment is still open for us this semester today,registration
do you happen to know what i need to do if i urgently want to change my current hostel room,hostel
hey is the final hard,exam
just a quick question: if someone can give me directions to the university stadium or sports complex,location
is there a dorrm,hostel
what is the deal with what the passing mark is for the national exit exam in engineering,exam
what time is is the national closure,holidays
what are is the hostel fee,hostel
explain to me about placement,admission
i would like to inquire: call the university,contacts
kindly i need is my cgpa,results
navigate to is the national exam held,exam
ty pls,thanks
sup what is is the customer sservice for campus police,contacts
so my question is regarding if there is a specific fee waiver available for students with recognized diasbilities,scholarship
"can you explain awesome, thanks for the clarification on that for me please",thanks
"im confused about wow that was really helpful, thanks a million",thanks
what are is the room fee,hostel
"my friend asked me about i totally understand now, appreciate the detailed response and i don't know the answer",thanks
"would you min dtelling me alright that makes sense, i'm gonna log off now because i am confused",bye
yo what is s my honor roll,results
i need some urgent help with where i can find the academic calendar that outlines all the semester rest days,holidays
i really need to understand why my final mark for data structures is showing up as missing on the system,results
explain to me the vacation calendar,holidays
i have no idea the exact deadline to accept or reject my placement before they give my spot away,admission
could you please tell me when is is my next lecture,schedule
"i'm a bit stuck trying to understand hello, i am a new student and i need some assistance",greeting
"i'm totally lost, can you explain how i can fix my scheduel if the reg portal is showing an error",registration
i'm a bit stuck trying to understand greetings fromm a confused first year student,greeting
timing for is the quiz,exam
i'm a bit stuck trying to understand if there is a specific fee waiver available for tudents with recognized disabilities,scholarship
"hey bot, i need some quick advice about thanks for your time, i am leaving the session",bye
could you list all electives,courses
i am trying to figure out what time the afternoon tutorial for applied mathematics usually ends today,schedule
give me info on the event calendar,holidays
process for to contact clinic,contacts
yo is tomorrow a weekend,holidays
could you please clarify where i should go to report a broken window or plumbing issue in my dorm room,hostel
would you mind telling me the easiest way to navigate to the student clinic if i am coming from the dorms because i am confused,location
please guide me on what i should do because i completely missed the late reg deadline,registration
schedule for does entrance exam start,admission
quick question: financial support for students,scholarship
yo where to pay penaty,fees
tell me the departments for physics,courses
show me the quiz dates,exam
"hey there, i am trying to find out if master's degree studentsh ave a completely different fee structure than undergrads",fees
i was wondering if you could help me figure out if i can take a minor in business administration alongside my engineering degree,courses
please guide me on when the actual test dates for the midterms will be officially announced,exam
kindly what are is the p.o.box fo rit support,contacts
could you please tell me campus map plz,location
can you explain where i go to get clearance before they will hand over my final transcript for me please,results
i am trying to figure out how i can generate a digital payment receipt after paying via cbe birr or telebirr today,fees
pls inform me navigate to the digital library is,location
yo how can i to opportunities for fund,scholarship
i really need to understand how to reach out directly to the president's office for a formal academic inquiry,contacts
clarify the cafeteria fee,fees
hey list days of the week do we have the engineering tutorial,schedule
does anyone know where the registrar office is actually located on the main campus,location
would you mind telling me when the continuous assessment period is supposed to start according to the routine because i am confused,schedule
"hey there, i am trying to find out how the comprehensive exam is structured for graduating seniors",exam
does anyone know if onilne enrollment is still open for us this semester,registration
i am trying to figure out if there are any makeup classes planned for the lectures we missed last monday today,schedule
i am trying to figgure out if the continuous assessment scores are added to the final exam result automatically today,results
i need details on if self sponsored students have a different enrollment process as soon as possible,registration
i have no idea if tomorrow is considered a public rest day meaning we don't have to attend lectures,holidays
well im done assistant,bye
catch you later dude,bye
could you shed some light on where i can download the completecourse catalog for the upcoming academic year,courses
"greetings, is tomorrow a break",holidays
how do i get to is my shift,schedule
sup what modules can i take next week,courses
ia m looking for info on what time the afternoon tutorial for applied mathematics usually ends,schedule
can you explain what the direct phone number is for the main registrar's office for me please,contacts
kindly dorm assignment,hostel
shutting down the chat bye dude,bye
what is are the core programs,courses
is the finance office nearby,location
call the clinic,contacts
kindly university closure for easter break,holidays
i was wondering if you could help me figure out what happens if i forget to register before the system closes,registration
my friend asked me about how to sue the student portal to sign up for my electives and i don't know the answer,registration
do you happen to know if there is a comprehensive staff dirrectory where i can find my prof's contact info,contacts
could you please tell me what are is the comprehensive exam results,exam
so my questtion is regarding where i can find the academic calendar that outlines all the semester rest days,holidays
sup pls print my student copy,results
i need details on what the refund policy is if i decide to drop out halfway through the semester as soon as possible,fees
my friend asked me about what time the computer architecture test starts tomorrow morning and i don't know the answer,exam
i'm a bit stuck trying to understand if there is a way to do late reg without paying a massive fee,registration
im a freshman and i really need to know what time the computer architecture test starts tomorrow morning,exam
yo where to find a sponsor,scholarship
"hey bot, i need ssome quick advice about what time the computer architecture test starts tomorrow morning",exam
kindly university closure for summer holiday,holidays
"do you happen to know i appreciate the help, see you around campus",bye
so my question is regarding what time the computer architecture test starts tomorrow morning,exam
"can someone tell me hello campus assistant, i need your guidance",greeting
university closure for winter holiday,holidays
i'm a bit stuck trying to understand when the actual tesst dates for the midterms will be officially announced,exam
directions to the dormitory,location
kindly please clarify the lecture hours for this year,schedule
is it true that if i can take a minor in business administration alongside my engineering degree,courses
kindly is the diital library nearby,location
call the it support,contacts
that's all assistant,bye
what the refund policy is if i decide to drop out halfway through the semester,fees
could you please tell me ineed is the next vacation,holidays
hello bot,greeting
"hey bot, i need some quick advice about if the final exams are going to be open book or strictly closed book this time",exam
change aaccommodation room,hostel
"greetings, list time does the class end",schedule
i need some urgent help with the specific clearance process i have to follow when moving out of the hostel,hostel
i was wondering if you could help me figur out if the cs department has any artificial intelligence electives this term,courses
can you explain where i can find the timetable for my upcoming continuous assessments and quizzes for me please,exam
could you shed some light on who i should contact if i have a serious complaint about a specific faculty member,contacts
how exactly do i handle what time the computer architecture test starts tomorrow morning,exam
does anyone know how the dormitory assignment process actually works for incoming freshmen,hostel
"can you explain hello, i am a new student and i need some assistance for me please",greeting
"hey bot, i need some quick advice about okay bye, thanks for pointing me in the right direction",bye
quick question: list are the core programs,courses
i need some urgent help with what happens if i forget to register before the system closes,registration
"would you mind telling me alright that makes sense, i'm gonna log off now because i am confused",bye
can you explain if there is any chance to take a make up exam if i get sick during finals week for me please,exam
is there any allowance,scholarship
release date of transcript,results
quick question: how to navigate to registrar office,location
schedule for is the sponsor deadline,scholarship
catch you later mate,bye
directions to the admin building,location
"i am trying to figure out i totally understand now, appreciate the detailed response today",thanks
my friend asked me about where the registrar office is actually located on the main campus and i don't know the answer,location
hey what is is the registration fee,fees
inform me about the laww degree,courses
would you mind telling me what the refund policy is if i decide to drop out halfway through the semester because i am confused,fees
could you shed some light on what the schedule looks like for the annual university sports week and cultural day,holidays
good morning friend,greeting
i need some urgent help with if the librery and cafeterias stay open during the mid semester reading week,holidays
does anyone know the rules regarding bringing heavy electrical appliances into the campus housing,hostel
i have no idea the difference between the software engineering and regular comp sci majors,courses
hello {bot} assistant,greeting
"okay perfect, thank you for taking the time to explain",thanks
i'm a bit stuck trying to understand the exact steps to add or drop a module before the penalty kicks in,registration
i would like to inquire: am i registered,registration
do you happen to know if there is a specific fee waiver available for students with recognized disabilities,scholarship
what is the deal with what happens if i forget to register before the system closes,registration
can you explain what the passing mark is for the national exit exam in engineering for me please,exam
hello i need somee assistance dude,greeting
"i'm totally lost, can you explain if the examination period is going to clash with the campus cultural week",exam
yo show me is the comprehensive exam period,exam
waiver for the tuitioon,fees
hey change hostel room,hostel
lecture times for economics,schedule
"greetings, can you direct me to is my routine",schedule
m yfriend asked me about if the university website has a live chat feature for immediate customer service and i don't know the answer,contacts
"i need details on hey, i could really use some help navigating the university stuff as soon as possible",greeting
my friend asked me about the easiest way to navigate to the student clinic if i am coming from the dorms and i don't know the answer,location
please list all ceremonys,holidays
"i am trying to figure out have a great rest of your day, i am logging out today",bye
could you please tell me plz print my academic record,results
"greetings, register online portal",registration
list is my routine,schedule
"does anyone know that is exactly what i was looking for, much obliged",thanks
i woould like to inquire: enrollment process,registration
"greetings, clarify the fields of tudy for social sciences",courses
pls show me my application status,admission
"hey there, i am trying to find out i totally understand now, appreciate the detailed response",thanks
could you please tell me do you offer stipend,scholarship
is it true that if the cs dept has any artificial intelligence electives this term,courses
"just a quick question: i am so glad i asked, thanks for the guidance",thanks
"greetings, tell me the penalty",fees
clarify about the software engineering degree,courses
i need details on what subjects are considered mandatory core modules for my freshman year as soon as possible,courses
receipt for the extension fee,fees
i need details on good morning to whoever is managing this chat as soon as possible,greeting
i'm a bit stuck trying to understand what a letter of acceptance looks like and whne i should expect to receive it,admission
could you please clarify if the university offers any fully funded sponsorship opportunities for international students,scholarship
i really need to understand where the digital library is situated compared to the regular book store,location
could you please tell me what is is the add drop deadline,registration
sup email address for admin,contacts
"so my questioon is regarding you are a lifesaver, thanks bot",thanks
i would like to inquire: steps to to requirements for entrance exam,admission
show me is the enrollment deadline,registration
i need some urgent help with if i can easily change my assigned department after i get conditionally admitted,admission
im a freshman and i really need to know if the examination period is going to clash with the campus cultural week,exam
im confused about when the academic records office will finally release the graduation results,results
missing cgpa complaint,results
what time is is the fee waiver deadline,scholarship
aftrnoon man,greeting
would you mind telling me what the scheduel looks like for the annual university sports week and cultural day because i am confused,holidays
whta are is the penalty,fees
does anyone know how i can request a student copy of my transcript for personal use,results
email address for dean,contacts
deadline for the semester fee,fees
"can someone tell me hey, i could really use some help navigating the niversity stuff",greeting
well is this the student information bot mate,greeting
just a quick question: why i keep getting lost trying to find the computer lab in block 5,location
no more qquestions for now bye today,bye
kindly timing for does entrance exam start,admission
can someone tell me where the digital librery is situated compared to the regular book store,location
would you mind telling me how the formal admission process works for students transferring from another university because i am confused,admission
im confused about how the dormitory assignment process actually works for incoming freshmen,hostel
where i should go to report a broken window or plumbing issue in my dorm room,hostel
"i am looking for informaion on thanks for the chat, i have to run to my next class",bye
kidnly can you help me find the clinic,location
give me is the customer service for it support,contacts
list are the cor eclasses,courses
"greetings, i need the curriculum for computer science",courses
sup entrance exam for application,admission
am i admmitted,admission
hi i am a new student here bot,greeting
"greetings, what are postgraduate filds of study are available",courses
i have no idea if non-boarding students are ever allowed to stay in the dorms overnight,hostel
i have to go now bye,bye
can someone tell me how i can fix my schedule if the reg portal is showing an error,registration
"alright that makes sense, i'm gonna log off now",bye
i have no idea how to apply for a student loan to cover the heavy tuition costs,scholarship
would you mind telling me which departments actually offer postgraduate studies or masters degrees because i am confused,courses
late add drop,registration
where to pay registration fee,fees
quick question: what is the way to to fee for bed space,hostel
what is the deal with how much the annual fee is for staying in the official student residence,hostel
yo how much is the tuition,fees
what is the deal with the rules regarding bringing heavy electrical appliances into the campus housing,hostel
i need details on when the university officially closes odwn for the long summer vacation break as soon as possible,holidays
could you give me the website,contacts
i am trying to figure out if there is any chance to take a make up exam if i get sick during finals week today,exam
i would like to inquire: give me the date of is the dorm fe deadline,fees
ciao friend,bye
i am trying to figure out the exact steps to add or drop a module before the penalty kicks in today,registration
tell me about application,admission
"i'm totally lost, can you explain hey, i could really use some help navigating the university stuff",greeting
which building is the freshman building in,location
i am trying to figure out what a letter of acceptance looks like and when i should expect to receive it today,admission
"greetings, where to find a sponsor",scholarship
ok goodd afternoon pls,greeting
my prof told me to check how the proctor decides which bed spae belongs to which student in a shared room,hostel
when is is the national exam,exam
i am looking for info on where i can find a legitimate sponsor to help cover my cost sharing expenses,scholarship
just a quick question: how i can find the official email address for the head of the comp sci department,contacts
location of hte registrar office,location
show me are the stipend requirements,scholarship
"could you shed some light on have a great rest of your day, i am logging out",bye
"i would like to inquire: i want to study physics, what is are the classes",courses
my friend asked me about where i can print out a physical copy of my daily class routine and i don't know the answer,schedule
just a quick question: what the exact formula is to correctly calculate my cumulative gpa,results
sup is pharmacy a major here,courses
how exactly do i handle how i can request a student copy of my transcript for personal use,results
"hey there, i am trying to find out brilliant, i appreciate you sorting that out for me",thanks
"do you happen to know i have no more questions right now, so peace out",bye
i need details on if the library and cafeterias stay open during the mid semester reading week as soon as possible,holidays
call the campus police,contacts
hello {bot},greeting
my prof told me to check where i can download te complete course catalog for the upcoming academic year,courses
does anyone know whether we get consistent wifi and electricity inside the campus accommodation blocks,hostel
do you happen to know which specific bank account number i should use to transfer my dorm and cafeteria fees,fees
so my question is regarding the rules regarding bringing heavy electrical appliances into the campus housing,hostel
is the assessment hard,exam
could you shed some light on why my final mark for data structures is showing up as missing on the system,results
yo greetings chatbot today,greeting
im confused about if the university admission office accepts late applications under special circumstances,admission
"my friend asked me about got it, i will reach out later if i need more info. bye and i don't know the answer",bye
just a quick question: when the actual test dates for the midterms will be officially announced,exam
what are is the next day off,holidays
i am looking for info on if thee library and cafeterias stay open during the mid semester reading week,holidays
cheers,thanks
would you mind telling me the emergency contact number for the campus police or the studenthealth clinic because i am confused,contacts
going offline today,bye
"can someone tell me thank you so much, you saved me a trip to the admin office",thanks
im confused about where i should go to report a broken window or plumbing issue in my dorm room,hostel
"hey bot, i need some quick advice about if the university provides any sort of monthly stipend or living allowance",scholarship
i have no idea the exact deadline for submitting the application forms for the dean's list award,scholarship
pls i need to know how to get stiend,scholarship
please guide me on which building houses the finance ofifce so i can pay my tuition,location
is it true that what time the afternoon tutorial for applied mathematics usually ends,schedule
does anyone know what subjects are considered mandatoory core modules for my freshman year,courses
would you mind telling me which building houses the finance office so i can pay my tuition because i am confused,location
is it true that the process for filing a formal grade appeal if i think my professor made a mistake,results
so my question is regarding just popping in to say hi and ask a quick thing,greeting
how to use the student portal to sign up for my electives,registration
"hey there, i am trying to find out how course reg woorks for freshmen coming in this year",registration
so my question is regarding what kind of undergraduate degree programs are currently open for new students,courses
hey im done dude,bye
does anyone know the exact steps to add or drop a module before the penalty kicks in,registration
timing for is the exit exam,exam
receipt for the school fee,fees
hey give me the date of iss my next lecture,schedule
im confused about if online enrollment is still open for us this semester,registration
"i'm totally lost, can you explain whe nthe university officially closes down for the long summer vacation break",holidays
"greetings, please show the midterm class times",exam
quick question: how to get my honor roll,results
i'm a bit stuck trying to understand when the post exam break officially starts so i can book my bus ticket home,holidays
is the campus narby,location
well stop friend,bye
"hey there, i am trying to find out the ruules regarding bringing heavy electrical appliances into the campus housing",hostel
i need details on if we get any days off classes to celebrate national public holidays like eid or christmas as soon as possible,holidays
"hey bot, i need some quick advice about how much the actual cost sharing fee is for regular undergraduate students",fees
"greetings, can you list the available majors",courses
does anyone know if self sponsored students have a different enrollment process,registration
pls clarify where to register,registration
sup where is the portal for result,results
what is the deal with if non-boarding students are ever allowed to stay in the dorms overnight,hostel
"i'm a bit stuck trying to understand you are a lifesaver, thanks bot",thanks
so my question is regarding what a failing f grade does to my overall academic standing and honor roll chances,results
"hey there, i am trying to find out if there is a comprehensive staff directory where i can find my professor's contact info",contacts
howdy bot,greeting
can you explain just popping in to say hi and ask a quick thing for me please,greeting
list is the next event,holidays
i would like to inquire: give me the date of does enrollment start,admission
kindly leaving thedorm,hostel
hey when is does admission start,admission
give me is the registration requirements for,admission
"i'm totally lost, can you explain the specific clearance process i have to follow when moving out of the hostel",hostel
calculate my honor roll,results
"my prof told me to check thanks for your time, i am leaving the session",bye
thanks bye friend,bye
explain to me the departments for physics,courses
sign out pls,bye
i was wondering if you could help me figure out if there is a way to do late reg without paying a massive fee,registration
does anyone know how i can get a copy of my official transcript for an external internship application,results
how exactly do i handle how the formal admission process works for students transferring from another university,admission
where to finnd a sponsor,scholarship
where i can view my complete semester timetable online without going to the office,schedule
how much is the registratiion fee,fees
cool thanks bot,thanks
farewell pls,bye
"i'm a bit stuck trying to understand alright that makes sense, i'm gonna log off now",bye
i was wondering if you could help me figure out what the refund policy is if i decide to drop out halfway through the semester,fees
so my quetsion is regarding the emergency contact number for the campus police or the student health clinic,contacts
what is the way to to requirements for bursary,scholarship
hey dude,greeting
passing mark for test,exam
i need are the financial aid requirements,scholarship
my friend asked me about how to find te faculty of business administration dean's office and i don't know the answer,location
quick question: complain about my result,results
can someone tell me the process for filing a formal grade appeal if i think my professor made a mistake,results
how to to do registration,registration
transfer student deadline for,admission
yo fully funded allowance,scholarship
late semester fee penalty,fees
"have a great rest of your day, i am logging out",bye
"greetings, location of is the quiz held",exam
i need some urgent help with where the heck the freshman orientation is being held today,location
could you please tell me when do we close for holiday,holidays
guide me to to cange hostel,hostel
papeal my mark,results
"greetings, official website",contacts
please let me know navigate to the freshman building is,location
late add dop,registration
"i am ttrying to figure out wow that was really helpful, thanks a million today",thanks
when the post exam break officially starts so i can book my bus ticket home,holidays
"would you mind telling me wow that was really helpful, thanks a million because i am confused",thanks
pls show me the shift for this semester,schedule
"could you shed some light on i am so glad i asked, thanks for the guidance",thanks
so my question is regarding what the syllabus looks like for the introduction to economics class,courses
what courses can i take tomorrow,courses
print my transcript,results
quick question: what is is my calendar,schedule
i need to know my score,results
"i was wondering if you could help me figure out hey guys, hoping someone can answer my questions today",greeting
give me the email,contacts
does anyone know if the dormitories force students to leave during the long winter break,holidays
"i'm totally lost, can you explain how the dormitory assignment process actually works for incoming freshmen",hostel
selam frend,greeting
i am trying to figure out the process for filing a formal grade appeal if i think my professor made a mistake today,results
do you offer software engineering programs,courses
sup give me info on the exit exam dates,exam
yo show me is my calendar,schedule
can i pay registration fee in installments,fees
im a freshman and i really need to know what kind of undergraduate degree programs are currently open for new students,courses
hey leaving the bed space,hostel
how to navigate to digital library,location
can i see the academic timetable,schedule
sup when does the semester end,schedule
i'm a bit stuck trying to understand the exact deadline for submitting the application forms for the dean's list award,scholarship
i need the quiz timings,exam
email address for campus police,contacts
yo where to pay extension fee,fees
what is the deal with if the university provides married student housing or couples dormitories,hostel
yo where is the portal for mark,results
can you direct me to is the campus housing,hostel
im a freshman and i really need to know whether we get consistent wifi and electricity inside the campus accommodation blocks,hostel
yo have a nice day dude,bye
i am trying to figure out what time the comuter architecture test starts tomorrow morning today,exam
steps to to contact university,contacts
i really need to understand how i can fix my routine if the reg portal is showing an error,registration
yo hi {bot} pls,greeting
my prof told me to check if there is a 24/7 help desk number i can call for urgent it support issues,contacts
the exact steps to add or drop a module before the penalty kicks in,registration
ccould you please tell me what is the passing gpa,results
"can someone tell me i totally understand now, appreciate the detailed response",thanks
hey what is the routine for this year,schedule
"im a freshman annd i really need to know i appreciate the help, see you around campus",bye
much appreciated,thanks
hey good morning friend,greeting
could you inform me my transfer status,admission
"im a freshman and i really need to know that perfectly answered my question, cheers",thanks
is there any fee waiver,scholarship
i need is my cgpa,results
kindly i need the lecture hours for postgraduate program,schedule
i'm a bit stuck trying to understand if the university provides married student housing or couples dormitories,hostel
my friend asked me about where i should go to report a broken window or plumbing issuue in my dorm room and i don't know the answer,hostel
where can i find the dormitory,location
so my question is regarding where i can find a legitimmate sponsor to help cover my cost sharing expenses,scholarship
"my friend asked me about alright that makes sense, i'm gonna log off now and i don't know the answer",bye
i have to go now bye bot,bye
change student residence room,hostel
i would like to inquire: plz clarify how to get a bed space,hostel
i have no idea what the strict eligibility criteria are for the need based scholarship program,scholarship
i need some urgent help with what time the computer architecture test starts tomorrow morning,exam
i would like to inquire: explain to me about registration,registration
can you explain when the continuous assessment period is supposed to start according to the scheduel for me please,schedule
i need details on where i can get clearance to finally register for my classes as soon as possible,registration
what happens if i forget to register before the system closes,registration
i am trying to figure out what the exact dates are for the academic calendar this year today,schedule
tell me the school fe,fees
can you explain what thed irect phone number is for the main registrar's office for me please,contacts
i'm a bit stuck trying to understand how i am supposed to get to the engineering building from the main librery,location
please guide me on the physical p.o. box or zip code i should use if i want to mail a document to the admin,contacts
could you shed some light on what kind of undergraduate degree programs are currently open for new students,courses
"can you explain i appreciate the help, see you around campus for me please",bye
well hi there bot,greeting
pls inform me how to get stipend,scholarship
could you shed some light on the specific clearance process i have to follow when moving out of the hsotel,hostel
"so my question is regarding brilliant, i appreciate you sorting that out for me",thanks
i'm a bit stuck trying to understand how much the actual cost sharing fee is for regular undergraduate students,fees
i am trying to figure out where i can find the academic calendar that outlines all the semester rest days today,holidays
"hey bot, i need some quick advice about how i am supposed to get to the engineering building from the main librery",location
"i need etails on that's all i needed to know, goodbye for now as soon as possible",bye
sup change student residence room,hostel
"i am lookking for information on have a great rest of your day, i am logging out",bye
how exactly do i handle if we actuallly have any classes schedueld during the upcoming holiday week,schedule
quick question: cmplain about my grade,results
"i need details on okay perfect, thank you for taking the time to explain as soon as possible",thanks
sup can you list the available majors,courses
pls inform me how do i get to the dormitory is,location
kindly which building is th efinance office in,location
can you help me find the laboratory,location
can you help me find the main gate,location
selam,greeting
good evening man,greeting
"hey there, i aam trying to find out that's all i needed to know, goodbye for now",bye
kindly i need to know navigate to the campus is,location
could you please tell me is the test hard,exam
my friend asked me about what the exact formula is to correctly calculate my cumulative gpa and i don't know the answer,results
bye dude,bye
explain to me about stipedn,scholarship
does anyone know where i need to take my bank slip to get financial cleaance from the admin,fees
my prof told me to check where i can securely check my semester grades online through the student portal,results
"i am looking for info on that is exactly what i was looking for, much obliged",thanks
explain to me about add drop,registration
many thanks friend,thanks
is the exam hadr,exam
how to to rent for campus housing,hostel
excellent,thanks
could you please tell me check my honor roll,results
does anyone know if non-boarding students are ever allowed to stay in the dorms overnight,hostel
ca you explain how i can fix my routine if the reg portal is showing an error for me please,registration
could you please tell me inform me the contact info,contacts
can i see days of the week do we have the business tutorial,schedule
please guide me on what a failing f grade does to my overall academic standing and honor roll chances,results
wsg today,greeting
is the test ard,exam
i need the routine for phd program,schedule
can you explain what the scheduel looks like for the annual university sports week and cultural day for me please,holidays
quick question: what is is the email for clinic,contacts
quick question: plz explain to me where to register,registration
i need time does the class end,schedule
could you let me know how to get grant,scholarship
list is the next ceremony,holidays
wow thanks,thanks
kindly when does the semester end,schedule
which building is the book store in,location
peace out,bye
if the library and cafeterias stay open during the mid semester reading week,holidays
quick question: give me the date of is the semester event,holidays
"do you happen to know awesome, thanks for the clarification on that",thanks
"im a freshman and i really need to know hey, i could really use some help navigating the university stuff",greeting
help desk number,contacts
my friend asked me about which building houses the finance office so i can pay my tuition and i don't know the answer,location
i'm a bit stuck trying to understand if the librery and cafeterias stay open during the mid semester reading week,holidays
im a freshman and i really need to know if there is a comprehenive staff directory where i can find my professor's contact info,contacts
"i need details on i have no more questions right now, so peace out as soon as possible",bye
can you explain why my final mark for data structures is showing up as missing on the system for me please,results
just a quick question: the rules regarding bringing heavy electrical appliances into the campus housing,hostel
list disciplines are available in the software engineering college,courses
leaving the dorm,hostel
kindly i want to know how to get sponsor,scholarship
i was wondering if you could help me figure out if non-boarding students are ever allowed to stay in the dorms overnight,hostel
how to navigate to admin building,location
what classes are offered in accounting,courses
good job,thanks
list is the next weekend,holidays
"i'm totally lost, can you explain if the university admission office accepts late applications under special circumstances",admission
is it true that is there a human or a bot here to help me,greeting
hey where to find the contact info,contacts
can you explain where i can print out a physical copy of my daily class routine for me please,schedule
can i see the academic shift,schedule
yo print my honorr oll,results
hi there assistant,greeting
"greetings, timing for is the sign up period",registration
"could you shed some light on wow that was really helpful, thanks a million",thanks
i need some urgent help with how the formal admission process works for students transferring from another university,admission
is it true that how i can request a student copy of my transcript for personal use,results
i am trying to figure outwhere i need to take my bank slip to get financial clearance from the admin today,fees
weekly lecture hours for freshmen,schedule
please explain to me where can i find the library is,location
hi i am a new student here dude,greeting
have a nice day mate,bye
i have no idea what the syllabus looks like for the introduction to economics class,courses
i'ma bit stuck trying to understand where i can print out a physical copy of my daily class routine,schedule
give me the course outline for computer science,courses
financial support for students,scholarship
i need details on how i can fix my schedule if the reg portal is showing an error as soon as possible,registration
im a freshman and i really need to know if online enrollment is still open for us this semester,registration
give me are the core fields of study,courses
awesome man,thanks
i would like to inquire: what time is is the clearance portal,registration
just a quick question: the exact location of the campus cafeteria that serves vegan food,location
what is is the next event,holidays
leave dude,bye
i want to know my placement status,admission
please show me how to get a room,hostel
could you shed some light on how i can apply for postgraduate admission if i already have my bachelor's degree,admission
would you mind telling me how i can find the official email address for the head of the computer science dept because i am confused,contacts
"i'm totally lost, can you explain where i can get clearance to fianlly register for my classes",registration
can i see hte academic shift,schedule
could you please tell me what time is is the semester break,holidays
i really need to understand the exact location of the campus cafeteria that serves vegan food,location
i'm a bit stuck trying to understand what happens to my reg status if i have an oveerdue penalty payment,fees
sup can you direct me to the toilet,location
could you please clarify what the exact formula is to correctly calculate my cumulative gpa,results
quick question: where to see my result,results
could you please tell me where is the portal for grade,results
could you shed some light on when my software engineering lecture is supposed to happen tomorrow,schedule
"i'm a bit stuck trying to undrstand you are a lifesaver, thanks bot",thanks
oy do you offer fund,scholarship
i am trying to figure out if the cs department has any artificial intelligence electives this term today,courses
how exactly do i handle if the examination period is going to clash with the campus cultural week,exam
i am trying to figure out if we get any days off classes to celebrate national public holidays like eid or christmas today,holidays
could you give me info on where to register,registration
could you please tell me is there any fee waiver,scholarship
what time is is the extension fee deadline,fees
"greetings, requirements forentrance exam",admission
do you offer mechanical engineering degrees,courses
could you shed some light on where i need to take my bank slip to get financial clearance from the admin,fees
wht is is the campus housing fee,hostel
"hey there, i am trying to find out which specific bank account number i should use to transfer my dorm and cafeteria fees",fees
list is the clearance deadline,registration
"greetings, what time is is the cafeteria fee daedline",fees
print ym result,results
yo how to get my score,results
is anyone there pls,greeting
would you mind telling me what happens to my registration status if i have an overdue penalty payment because i am confused,fees
what's up man,greeting
"hey bot, i need some quick dvice about have a great rest of your day, i am logging out",bye
i really need to understand whether the supplementary exams happen before or after the semester break,exam
"please guide me on that perfectly answered my question, cheers",thanks
"hey there, i am trying to find out when my software engineering lecture is supposed to happen tomorrow",schedule
"i'm totally lost, can you explain what i need to do if i urgently want to change my current hostel room",hostel
sup schedule for is the sign up schedule,registration
hey i am lost can you help assistant,greeting
i am looking for information on good morning to whoever is managing this chat,greeting
the specific clearance process i have to follow when moving out of the hostel,hostel
i am looking for information on what happens if i forget to register before the system closes,registration
"i need details on that perfectly answered my question, cheers as soon as possible",thanks
well later man,bye
i am trying to figure out what the specific date is for the upcoming graduation ceremony event today,holidays
i have no idea when the actual test dates for the midterms will be officially announced,exam
i am trying to figure out how the formal admission process works for students transferring from another university today,admission
"i'm totally lost, can you explain if online enrollment is still open for us this semester",registration
"i appreciate the help, see you around campus",bye
"that is exactly what i was looking for, much obliged",thanks
give me the date of is the cafeteria fee deadline,fees
"greetings, how can i to contact epartment head",contacts
could you please tell me list regular courses are available,courses
"so my question is regarding i am so glad i asked, thanks for the guidance",thanks
schedule for is the clearance requirements,registration
quick question: is tomorrow a rest day,holidays
i m trying to figure out what the exact dates are for the academic calendar this year today,schedule
"i'm totally lost, can you explain got it, i will reach out later if i need more info. bye",bye
i am looking for information on if the university admission office accepts late applictaions under special circumstances,admission
would you mind telling me if the examination period is going to clash with the campus cultural week because i am confused,exam
email address for university,contacts
could you please tell me can you help me find the registrar office,location
i was wondering if you oculd help me figure out when the absolute final deadline is for paying this semester's tuition without a penalty,fees
please show me my entrance exam status,admission
my prof told me to check when the academic records office will finally release the graduation results,results
im a freshman and i really need to know if i can take a minor in business administration alongside my engineering degree,courses
how can i to do sign up,registration
i'm a bit stuck trying to understand where i can download the complete course catalog for the upcoming academic year,courses
"hey bot, i need some quick advice about what the strict eligibility criteria are for the need based scholarship program",scholarship
could you please clarify if non-boarding students are ever allowed to stay in the dorms overnight,hostel
ewekly class times for freshmen,schedule
"could you shed some light on thanks for the chat, i have to run to my next class",bye
so my qustion is regarding if there is a specific fee waiver available for students with recognized disabilities,scholarship
"can someone tell me that's all i needed to know, goodbye for now",bye
kindly what is the passing gpa,results
where can i find is the dorm,hostel
"greetings, give me the date of is the registration fee deadline",fees
"i'm totally lost, can you explain what happens if i forget to regiter before the system closes",registration
i would like to inquire: bank account for cafeteria fee,fees
i'm a bit stuck trying to understand where i log in to check my official admission status or moe placement result,admission
i'm a bit stuck trying to understand whether there are any special campus events planned for the alumni homecoming weekend,holidays
kindly schedule for will honor roll be out,results
where i can get clearance to finally register for my classes,registration
where i can securely check my semester grades online through the student portal,results
mch appreciated man,thanks
yo i need are the sponsor requirements,scholarship
show me about transfer,admission
i would liek to inquire: plz i want to know the lecture hours for the weekend,schedule
i need some urgent help with if i can take a minor in business administration alongside my engineering degree,courses
date for is the easte event,holidays
"i'm totally lost, can you explain if there is a comprehensive staff directory where i can find my professor's contact info",contacts
can you explain what original documents i need to physically bring during the new student enrollment for me please,admission
yo freshman clearnace,registration
is it true that why my final mark for data structures is showing up as missing on the system,results
do you happen to know where i can securely check my semester grades online through the student portal,results
"i was wondering if you could help me figure out that's all i needed to know, goodbye for now",bye
just a quick question: what documents are absolutely required when applying for the campus bursary grant,scholarship
could you please tell me lecture times for mechanical engineering,schedule
i need some urgent help with who i should contact if i have a serious complaint about a specific faculty member,contacts
"i am trying to figure out you are a lifesaver, thanks bot today",thanks
my friend asked me about if the university offers any fully funded sponsorship opportunities for international students and i don't know the answer,scholarship
quick question: plz explain the fee structure,fees
timing for is the enrollment period,registration
could you please tell me i need is my gpa,results
"can someone tell me wow that was really helpful, thanks a million",thanks
could you please tell me what time is is the add drop dates,registration
quick question: how to navigate ot campus,location
does anyone know how many credit hours i need to take to graduate from the pharmacy program,courses
i am looking for information on when the cotinuous assessment period is supposed to start according to the routine,schedule
am i damitted,admission
my friend asked me about when the continuous assessment period is supposed to start according to the scheduel and i don't know the answer,schedule
im a freshman and i really ened to know what happens if i forget to register before the system closes,registration
could you please tell me where is the clinic,location
"i need details on wow that was really helpful, thanks a million as soon as possible",thanks
email address for damin,contacts
i would like to inquire: process for to get stipend,scholarship
do you happen to know what the specific date is for the upcoming graduation ceremony event,holidays
i am trying to figure out which specific bank account number i shouldu se to transfer my dorm and cafeteria fees today,fees
"i'm totally lost, can you explain where i can find the timetable for my upcoming continuous assessments and quizzes",exam
cloose bot,bye
would you mind telling me if the cs department has any artificial intelligence electives this term because i am confused,courses
"i need details on thank you so umch, you saved me a trip to the admin office as soon as possible",thanks
"just a quick question: hello, i am a new student and i need some assistance",greeting
weekly schedulef or freshmen,schedule
could you please tell me where to find the support,contacts
"my prof told me to check okay i am done asking questions, shutting down the chat",bye
my friend asked me about if there is any chance to take a make up exam if i get sick during finals week and i don't know the answer,exam
"ccan you explain you are a lifesaver, thanks bot for me please",thanks
what timee is is the cafeteria fee deadline,fees
yo what are is the reggistration deadline,registration
quitp ls,bye
entrance exam for reistration,admission
thanks bye today,bye
would you mind telling me if there is a 24/7 help desk number i can call for urgent it support issues because i am confused,contacts
give me time does the class end,schedule
"hey there, i am trying to find out if sel fsponsored students have a different enrollment process",registration
im a freshman and i really need to know how much the annual fee is for staying in the official student residence,hostel
hey give me is the national exam results,exam
could you please clarify when the academic records office will finally release the graduation results,results
i need the curriculum for medicine,courses
i need is the next holiday,holidays
could you please clarify the physical p.o. box or zip code i should use if i want to mail a document to the admin,contacts
so my question is regarding how the comprehensive exam is structured for graduating seniors,exam
chang dorm room,hostel
can someone tell me how course registration works for freshmencoming in this year,registration
hey now,greeting
how exactly do i handle where i log in to check my official admission status or moe placement result,admission
give me is the admission portal for,admission
call the campus oplice,contacts
i need details on whether we get consistent wifi and electricity inside the campus accommodation blocks as soon as possible,hostel
i am trying to figure out what afailing f grade does to my overall academic standing and honor roll chances today,results
nice one ude,thanks
i'm a bit stuck trying to understand where i should go to report a broken window or plumbing issue in my dorm room,hostel
sup call the it support,contacts
lecture times for medicine,schedule
my friend assked me about if i can take a minor in business administration alongside my engineering degree and i don't know the answer,courses
leaving the accommodation,hostel
would you mind telling me how i can request a student copy of my transcript for personal use because i am confused,results
i need details on where the heck the freshman orientation is being held today as soon as possible,location
plz give me the support,contacts
exit,bye
"can you explain you are a lifesaver, thanks bot for me please",thanks
where to pay tuition,fees
can someone tell me greetings from a confused first year student,greeting
would you mind telling me how much the actual cost sharing fee is for regular undergraduate students because i am confused,fees
could you please tell me class timings could you,schedule
i was wondering if you could help me figure outw hat original documents i need to physically bring during the new student enrollment,admission
my friend asked me about what the routine looks like for the annual university sports week and cultural day and i don't know the answer,holidays
bye now,bye
yo i needd the routine for degree program,schedule
i have no idea the rules regarding bringing heavy electrical appliances into the campus housing,hostel
i'm a bit stuck trying to understand if there is a non-refundable application fee required before submitting my forms,admission
when is is teh comprehensive exam,exam
yo m i registered,registration
how to reach out directly to the president's office for a formal academic inquiry,contacts
im a freshman and i really need to know what happens if i forget to register before the system closes,registration
yo show me the quiz dates,exam
show me is the application requirements for,admission
hey i need to know about allowance,scholarship
my friend asked me about if female students have access to any exclusive financial support programs and i don't know the answer,scholarship
is the dormitory nearby,location
just a quick question: how the dormitory assignment process actually works for incoming freshmen,hostel
please guide me on how the dormitory assignment process actually works for incoming freshmen,hostel
"do you happen to know where the university posts its official announcements, like a telegram channel or facebook page",contacts
i was wondering if you could help me figure out how much the annual fee is for staying in the official student residence,hostel
hey give me the physical address of the economics department,location
"i need details on thanks for your time, i am leaving the session as soon as possible",bye
i would like to inquire: transfer student status of,admission
i need details on how i can get a copy of my official transcript for an external internship application as soon as possible,results
could you please tell me could you let me know where to locate the library is,location
could you please clarify the exact steps to add or drop a module before the penalty kicks in,registration
kindly show me departments do you have,courses
morning today,greeting
can you explain is there a human or a bot here to help me for me please,greeting
how can i to contact clinic,contacts
what classes are offered in social sciences,courses
i am looking for the dormitory,location
official website,contacts
just a quick question: what the specific date is for the upcoming graduation ceremony event,holidays
"how exactly do i handle that's all i needed to know, goodbye for now",bye
yo email address for dean,contacts
i really need to understand if there is a non-refundable application fee required before submitting my forms,admission
can you explain how i can apply for postgraduate admission if i already have my bachelor's degree for me please,admission
im a freshman and i really need to know how i can request a student copy of my transcript for personal use,results
"i am looking for information on brilliant, i appreciate you sorting that out for me",thanks
can you explain if i can take a minr in business administration alongside my engineering degree for me please,courses
my friend asked me about what the direct phone number is for the main registrar's office and i don't know the answer,contacts
would you mind telling me if we get any days off classes to celebrate national public holidays like eid or christmas because i am confused,holidays
well talk to you latter mate,bye
"i need some urgent help with okay perfect, thank you for taking the time to explain",thanks
kindly explain to me the class times for tomorrow,schedule
hey is there a dormitory,hostel
sup list is the midterm timetable,exam
list is my shift,schedule
is there class tomorrow,holidays
i really need to understand if the examination period is going to clash with the campus cultural week,exam
im confused about if we actually have any classes scheduled during the upcoming holiday week,schedule
hey,greeting
my friend asked me about what time the computer architecture test starts tomorrow morning annd i don't know the answer,exam
i need is my schedule,schedule
sup what are is the quiz passing mark,exam
how can i to fee for accommodation,hostel
i am looking for info on how i can generate a digital payment receipt after paying via cbe birr or telebirr,fees
going offline toady,bye
how can i to contact admin,contacts
please guide me on how i can generate a digital payment receipt after paying via cbe birr or telebirr,fees
please guide me on where i can print out a physical copy of my daily class routine,schedule
could you please tell me give me is the enrollment deadline,registration
i was wondering if you could help me figure out if online enrollment is still open for us this semester,registration
does anyone know when the continuous assessment period is supposed to start according to the scheduel,schedule
just a quick question: the easiest way to navigate to thee student clinic if i am coming from the dorms,location
i was wondering if you could help me figure out if master's degree students have a completely different fee structure than undergrads,fees
i was wondering if you could helpp me figure out if female students have access to any exclusive financial support programs,scholarship
ok thanks man,thanks
is it true that how course reg works for freshmen coming in this year,registration
i am looking for info on how to reach out directly to the president's office for a formal academic inquiry,contacts
what time the afternoon tutorial for applied mathematics usually ends,schedule
if i can take a minor in business administration alongside my engineering degree,courses
i am trying to figure out if there is a specific fee waiver available for students with recognized disabilities today,scholarship
official weebsite,contacts
ok is this the student information bot today,greeting
quick question: is there any grant,scholarship
could you please tell me how much is the tuition,fees
do you offer fee waiver,scholarship
i need some urgent help with the easiest way to navigate to the student clinic if i am coming from the dorms,location
am i admitted,admission
"i need details on hello campus assistant, i need your guidance as soon as possible",greeting
would you mind telling me just popping in to asy hi and ask a quick thing because i am confused,greeting
i have no idea how i can get a copy of my official transcript for an external internship application,results
how to get my result,results
what is the deal with what the syllabus looks like for the introduction to economics class,courses
i would like to inquire: help desk number,contacts
i would like to inquire: where to locate is the national exam held,exam
could you please clarify how i can generate a digital payment receipt after paying via cbe birr or telebirr,fees
could you please clarify if the weekend extension program follows the exact same semestr calendar,schedule
my friend asked me about what a failing f grade does to my overall academic standing and honor roll chances and i don't know the answer,results
i need details on what happens to my reg status if i have an overdue penalty payment as soon as possible,fees
my friend asked me about where the digital librery is situated compared to the regular book store and i don't know the answer,location
where is the portal for score,results
"is it true that wow that was really helpful, thanks a million",thanks
"please guide me on hey, i could really use some help navigating the university stuff",greeting
give me the date of will student copy be out,results
give me info on the costs haring,fees
clarify about clearance,registration
im a freshman and i really need to know how course registration works for freshmen coming in this year,registration
how exactly do i handle when the absolute final deadline is for paying this semester's tuition without a penalty,fees
how to navigate to campus,location
could you please tell me where to pay registration fee,fees
"i'm totally lost, can you explain whether the supplementary exams happen before or after the semester break",exam
please print my honor roll,results
adios mate,bye
i need some urgent help with which specific bank account number i should use to transfer my dorm and cafeteria fees,fees
i am looking for info on where the digital librery is situated compared to the regular book store,location
could you please tell me fully funded scholarship,scholarship
can someone tell me if online enrollment is still open for us this semester,registration
schedule for is the fund deadline,scholarship
i'm a bit stuck trying to understand what subjects are considered mandatory core modules for my freshman year,courses
thank you for the information man,thanks
what's up now,greeting
i am looking for info on when the academic records office will finally release the graduation results,results
selam bot,greeting
i would like to inquire: give me days of the week do we have the computer science tutorial,schedule
how to join the univversity,admission
i was wondering if you could help me figure out when the actual test dates forthe midterms will be officially announced,exam
does anyone know what subjects are considered mandatory core modules for my freshman year,courses
excellent pls,thanks
i was wondering if you could help me figure out what i should do because i completely missed the late reg deadline,registration
"just a quick question: okay i am done asking questions, shutting downt he chat",bye
"my friend asked me about hi there, are you available to chat for a minute and i don't know the answer",greeting
"hey bot, i need some quick advice about the difference betwee the software engineering and regular cs majors",courses
what is are the core modules,courses
wonderful assistant,thanks
timing for does enrollment start,admission
where is is my timings,schedule
well i am logging off goodbye mate,bye
i would like to inquire: what time is is the clearance dates,registration
i'm a bit stuck trying to understand where the digital librery is situated compared to the regular book store,location
smmer vacation dates,holidays
could you please tell me show me is the next hliday,holidays
can someone tell me whether the supplementary exams happen before or after the semester break,exam
missing transcript complaint,results
thanks fo rhelping pls,thanks
is tomorrow a closure,holidays
"i'm totally lost, can you explain good morning to whoever is managing this chat",greeting
hi can you provide me with some info today,greeting
im confused about what kind of undergraduate degree prgorams are currently open for new students,courses
kindly help desk number,contacts
"hey bot, i need some quick advice about what happens if i forget to register before the system closes",registration
could you please clarify which specific bank account number i should use to transfer my dorm and cafeteria fees,fees
what is the deal with where i need to take my bank slip to get financial clearance from the admin,fees
give me info on about bed space,hostel
i need thet imings for degree program,schedule
kindly bank account for cost sharing,fees
i really need to nderstand what the specific date is for the upcoming graduation ceremony event,holidays
what are is the office contact for president,contacts
let me know the school fee,fees
my prof told me to check where the heck the freshman orientation is being held today,location
i need to know the final dates,exam
kindly timing for is the cost sharig deadline,fees
freshman sign uup,registration
im a freshman and i really need to know if i can easily change my assigned dept after i get conditionally admitted,admission
yo man,greeting
pls show the test timetable,exam
"hey bot, i need some quick advice about greetings from a confused first year student",greeting
"i'm a bit stuck trying to understand thank you so much, you saved me a tripp to the admin office",thanks
quicck question: how to to contact registrar,contacts
can someone tell me how i am supposed to get to the engineering building from the main librery,location
my prof told me to check when the continuous assessment period is supposed to start according to the routine,schedule
kindly navigate to is my schedule,schedule
i need details on the exact deadline for submitting the application forms for the dean's list award as soon as possible,scholarship
clarify the rest day calendar,holidays
how much is the extension fee,fees
transfer student criteria for,admission
let me know the vacation calendar,holidays
"i was wondering if you could help me figure out thanks for your time, i am leaving the sessin",bye
explain to me how to get a campus housing,hostel
im confused about who i should contact if i have a serious complaint about a specific faculty member,contacts
dat for is the cost sharing deadline,fees
can you explain the rules regarding bringing heavy electrical appliances into the campus housing for me please,hostel
my friend asked me about where i can download the complete course catalog for the upcoming academic year and i don't know the answer,courses
sup show me is myy calendar,schedule
"how exactly do i handle hi there, are you available to chat for a minute",greeting
is computer science a major here,courses
could you please clarify how to find the faculty of business administration dean's office,location
is the admin building nearby,location
i need details on where i can download the complete course catalog for the upcoming academic year as soon as possible,courses
is it true that if the librery and cafeterias stay open during the mid semester reading week,holidays
"my prof told me to check thank you so much, you saved me a trip to the admin office",thanks
can you explain the easiest way to navigate to the student clinic if i amc oming from the dorms for me please,location
please guide me on where i log in to check my official admission status or moe placement result,admission
yo let me know my entrance exam status,admission
can you explain what the exact formula is to correctly calculate my cumulative gpa for me please,results
let me know the tuition,fees
timing for is the tuition deadline,fees
give me is the support for registrar,contacts
where is block 5 situated,location
log out,bye
i need to know about the economics degree,courses
could you please telll me is there any fee waiver,scholarship
my friend asked me about how i can find the official email address for the head of the computer science dept and i don't know the answer,contacts
i have no idea how the formal admission process works for students transferring from another university,admission
what is the routine for mondays,schedule
if the dormitories force students to leave during the long winter break,holidays
"hey bot, i need somequick advice about where the registrar office is actually located on the main campus",location
so my question is regarding how much the actual cost sharing fee is for regular undergraduate students,fees
thanks bye dude,bye
would you mind telling me what subjects are considered mandatory core modules for my freshman year because i am confused,courses
"greetings, i need disciplines are available in the law college",courses
is it true that if there is a comprehensive staff directory where i can find my prof's contact info,contacts
i am looking for the cafeteria,location
how exactly do i handle what the cut off mark or passing point is for the national entrance exam this year,admission
hey can i see is the application process of,admission
do you happen to know how i can fix my scheduel if the reg portal is showing an error,registration
"i am looking for information on got it, i will reach out later if i need more info. bye",bye
could you shed some light on if we actually have any classes routined during the upcoming holiday week,schedule
yo date for does registration start,admission
can you explain how much the actual cost sharing fee is for regular undergraduate students for me please,fees
appeal my honor roll,results
can i see courses do you have,courses
quit,bye
summer vcation dates,holidays
i need is the add drop deadline,registration
i would like to inquire: dorm assigmnent,hostel
"hey there, i am trying to find out if the university provides any sort of monthly stipend or living allowance",scholarship
quick question: can i see disciplines are available in the accounting college,courses
my prof told me to check good morning to whoever is managing this chat,greeting
hey kindly print m student copy,results
ennd chat bot,bye
could you please clarify when the post exam break officially starts so i can book my bus ticket home,holidays
im confused about if someone can give me directions to the university stadium or sports complex,location
"does anyone know brilliant, i appreciate you sorting that out for me",thanks
"hey there, i am trying to find out when the university officially closes down for the long summer vacation break",holidays
cheers mate,thanks
give me the physical address of the computer science department,location
when is doe entrance exam start,admission
im a freshman and i really need to know the emergency contact number for the campus police or the student health clinic,contacts
could you please clarify how i can get a copy of my official transcript for an external internship application,results
so my question is regarding if the cs department has any artificial intelligence electives this term,courses
"so my question is regarding okay perfect, thank you for taking the time to explain",thanks
"greetings, what is is the telegram channel for university",contacts
kindly am i registered,registration
can we chat {please} pls,greeting
"that's all i needed to know, goodbye for now",bye
kkindly list is the bed space fee,hostel
i need some urgent help with if there is a non-refundable application fee required before submitting my forms,admission
my friend asked me about where i need to take my bank slip to get financial clearance from the admin and i don't know the answer,fees
late sign up,registration
i would like to inquire: process for to letter for application,admission
im a freshman and i really need to know if the university website has a live chat feature for immediate customer service,contacts
"does anyone know thanks for your time, i am leaving the ssesion",bye
i have no idea if the weekend extension program follows the exact same semester calendar,schedule
i am trying to figure out if there is a comprehensive staff directory where i can find my prof's contact infoo today,contacts
i have no idea if the librery and cafeterias stay open during the mid semester reading week,holidays
schedule for will score be out,results
"how exactly do i handle thanks for your time, i am leaving the session",bye
i am looking for info on if the university provides any sort of monthly stipend or living allowance,scholarship
kindly i want to know the penatly,fees
would you mind telling me why i keep getting lost trying to find the computer lab in block 5 because i am confused,location
"so my question is regarding awesome, thanks for the clarification on that",thanks
"hey there, i am trying to find out when the continuous assessment periodd is supposed to start according to the routine",schedule
"i need some urgent help with alright that makes sense, i'm gonna log off now",bye
"do you happen to know i totally understand now, appreciate the detailed response",thanks
could you shed some light on who i should contact if i have a serious complaint about a specifiic faculty member,contacts
i am trying to figure out where i can find a legitimate sponsor to help cover my cost sharing expenses today,scholarship
ok thaanks dude,thanks
"my prof told me to check alright that makes sense, i'm gonna log off now",bye
can you explain what the refund policy is if i decide to drop out halfway through the semester for me please,fees
i need some urgent help with when the continuous assessment period is supposed to start according to the routine,schedule
can someone tell me how to apply for a student loan to cover the heavy tuition costs,scholarship
i am trying to figure out when the post exam break officially starts so i an book my bus ticket home today,holidays
sup schedule for does application start,admission
i really need to understand the rules regarding bringing heavy electrical appliances into the campus housing,hostel
can you help me find the cafeteria,location
my friend asked me about if it is possible to pay the heavy school fees in smaller monthly installments and i don't know the answer,fees
"i'm totally lost, can you explain how to find the faculty of business administratio dean's office",location
my prof told me to check when the absolute final deadline is for paying this semester's tuition without a penalty,fees
could you please tell me leaving the dormitory,hostel
"greetings, can i see disciplines are availablein the accounting college",courses
sup where is the portal for transcript,results
helpful bot mate,thanks
how i can generate a digital payment receipt after paying via cbe birr or telebirr,fees
could you please clarify whether there are any special campus events planned for the alumni homecoming weekend,holidays
please guide me on when my software engineering lecture is supposed to happen tomorrow,schedule
what is the passing pa,results
do you happen to know good morning to whoever is managing this chat,greeting
would you mind telling me where the heck the freshman orientation is being held today because i am confused,location
would you mind telling me if it is possible to pay the heavy school fees in smaller monthly installments because i am confused,fees
i need details on if there is a comprehensive staff directory where i can find my professor's contact info as soon as possible,contacts
"i'm a bit stuck rtying to understand hey, i could really use some help navigating the university stuff",greeting
i need details on if someone can give e directions to the university stadium or sports complex as soon as possible,location
show me postgraduate electives are available,courses
could you please tell me what time is is the dorm fee deadline,fees
kindly tell me how to get a campus housing,hostel
can you direct me to the campus,location
i need details on if the university admission office accepts late applications under special circumstances as soon as possible,admission
"i'm ttotally lost, can you explain if i can take a minor in business administration alongside my engineering degree",courses
plz show me where to register,registration
"greetings, where to pay dorm fee",fees
ok shutting down the chat bye assistant,bye
quick question: location of is the comprehensive exam held,exam
that's all boot,bye
ee you,bye
thanks mate man,thanks
yo entrance exam for enrollment,admission
list is my result,results
clarify about enrollment,admission
my friend asked me about how i can generate a digital payment receipt after paying via cbe birr or telebirr and i don't know the answer,fees
im a freshman and i really need to know what documents are absolutely required when applying for the campus bursary grant,scholarship
transfer student sttus of,admission
adios assistant,bye
how exactly do i handle how i can get a copy of my official transcript for an external internship application,results
i was wondering if you could help me figure out what the syllabus ooks like for the introduction to economics class,courses
would you mind tellin me what kind of undergraduate degree programs are currently open for new students because i am confused,courses
is there a bed space,hostel
show me disciplines are available in the business college,courses
hi i am a new student here assistant,greeting
how exactly do i handle when the actual test dates for the midterms will be officially announced,exam
could you please tell me leaving the hostel,hostel
yo give me info on about placement,admission
i need details on what the strict rules are regaring bringing calculators into the exam hall as soon as possible,exam
"i really need to understand that perfectly answered my question, cheers",thanks
does anyone know the exact deadline to accept or reject my placement before they give my spot away,admission
i need help {please} toady,greeting
pls pirnt my score,results
howdy dude,greeting
i am logging off goodbye bot,bye
i need some urgent help with if the university offers any fully funded sponsorship opportunities for international students,scholarship
missing grade complaint,results
i am trying to figure out if self sponsored students have a different enrollment process today,registration
i am trying to figure out if master's degree students have a completely different fee structure thanu ndergrads today,fees
does anyone know where i can find the academic calendar that outlines all the semester rest days,holidays
"how exactly do i handle hey bot, hope you're having a good day",greeting
could you please tell me fully funded financia laid,scholarship
im confused about what happens if i forget to register before the system closes,registration
could you shed some light on what the refund policy is if i decide to drop out halfway throough the semester,fees
i need some urgent heelp with where i can find the academic calendar that outlines all the semester rest days,holidays
deadline for the penalty,fees
how exactly do i handle what happens to my reg status if i have an overdue penalty payment,fees
"greetings, plz explain the fee structure",fees
ok good morning,greeting
my prof told me to check how ic an find the official email address for the head of the comp sci department,contacts
tata friend,bye
kindly give me info on my score,results
could you pleas tell me kindly explain the fee structure,fees
hey inform me about transfer,admission
if there is a way to do late registration without paying a massive fee,registration
would you mind telling me if the university provides any sort of monthly stipend or living allowance because i am confused,scholarship
would you mind telling me what the passing mark is for the national exit exam in engineerring because i am confused,exam
i really need to understand good morning to whoever is managing this chat,greeting
sup can i see the academic lecture hours,schedule
i really need to understand what the scheduel looks like for the annual university sports week and cultural day,holidays
thx assistant,thanks
i need the exit exam class times,exam
what is the deal with if the university website has a live chat feature for immediate customer service,contacts
how exactly do i handle where the registrar office is actually located on the main campus,location
could you explain to me my application status,admission
"greetings, bank account for tuition",fees
catch you later,bye
pls give me the website,contacts
i really need to understand why i eep getting lost trying to find the computer lab in block 5,location
late clearance,registration
"hey there, i am trying to find out if someone can give me directions to the university stadium or sports complex",location
please print my cgpa,results
"i'm totally lost, can you explain where the digital library is situated compared to the regular book store",location
kindly how to get my mark,results
"can you explain thanks for the chat, i have to run to my next class for me please",bye
i am trying to figure out what happens to my reg status if i have an overdue penalty payment today,fees
i need some urgent help with how to reach out directly to the president's office for a formal academic inquiry,contacts
would you mind telling me if the university website has a live chat feature for immediate customer service because i am confused,contacts
could you please tell me am i admitted,admission
sup am i registered,registration
my friend asked me about the exact steps to add or drop a module before the penalty kicks in and i don't know the answer,registration
what is the deal with where the heck the freshman orientation is being held today,location
i'm a bit stuck trying to understand what the specific date is for the upcoming graduation ceremony event,holidays
greetings chatbot friend,greeting
i need to know the national exam dates,exam
pls print my honor roll,results
where to find the address,contacts
"can you explain i have no more questions right now, so peace out for me pleasse",bye
i am trying to figure out what the refund policy is i fi decide to drop out halfway through the semester today,fees
"im confused about got it, i will reach out later if i need more info. bye",bye
i am looking for the toilet,location
wouuld you mind telling me what the syllabus looks like for the introduction to economics class because i am confused,courses
please guide me on if female students have access to any exclusive finacial support programs,scholarship
could you shed some light on if female students have access to any exclusive financial support programs,scholarship
hey ciao bot,bye
i am logging off goodbye,bye
my friend asked me about when the continuous assessment period is supposed to start according to the routine and i don't know the answer,schedule
pls print my score,results
schedule for will mark be out,results
do you happen to know how i can get a copy of my official transcript for an external internship application,results
what' up bot,greeting
"hey there, i am trying to find out how i can generate a digital payment receipt after paying via cbe birr or telebirr",fees
i was wondering if you could help me figure out if we get any days off classes to celebrate national public holidays like eid or christmas,holidays
when do we close for rest day,holidays
where i can find the academic calendar that outlines all the semester rest days,holidays
just a quick question: if tomorrow is considered a public rest day meaning we don't have to attend lectures,holidays
can i pay cost sharing in installments,fees
im a freshman and i really need to know if female students have access to any xeclusive financial support programs,scholarship
quick question: i need my official transcript,results
"i'm totally lost, can you explain if there is a specific fee waiver available for students with recognized disabilities",scholarship
thanks,thanks
my friend asked me about if the university provides married student housing or couples dormitories and i don't know the answer,hostel
thx today,thanks
could you shed some light on what original documents i need to physically bring during the new student enrollment,admission
i need the quiz academic calendar,exam
"im a freshman and i really need to know have a great rest of your day, i am logging out",bye
ok tata pls,bye
"my friend asked me about thank you so much, you saved me a trip to the admin office and i don't know the answer",thanks
does anyone know which specific bank account number i should use to transfer my dorm and cafeteria fees,fees
what is the routine for today,schedule
is tomorrow a vacation,holidays
hey can you help me find the laboratory,location
so my question is regarding if i can easily change my assigned department after i get conitionally admitted,admission
i need the exit exam schedule,exam
i'm a bit stuck trying to understand where i can dowwnload the complete course catalog for the upcoming academic year,courses
pls let me know how to get a hostel,hostel
does anyone know if there are any makeup classes planned for the lectures we missed last monday,schedule
could you please clarify if the final exams are going to be open book or strictly closed book this time,exam
how i can apply for postgraduate admission if i already have my bachelor's degree,admission
that is all i needed to know goodbye dude,bye
how to navigate to freshman building,location
could you please clarify if the university offers any fully funded sponsorshi popportunities for international students,scholarship
ennrollment process,registration
"so my question is regarding thank you so much, you saved me a trip to the admin office",thanks
just a quick question: which specific bank account number i should use to transfer my dorm and cafeteria fees,fees
greetings from a confused first year student,greeting
kindly where to pay cost sharing,fees
what is the deal with is there a human or a bot here to help me,greeting
i'm a bit stuck trying to understand if online enrollment is still open for us this semester,registration
does anyone know where i should go to report a broken window or plumbing issue in my dorm room,hostel
fully fundedfee waiver,scholarship
just a quick question: what the strict rules are regarding bringing calculators into the exam hlal,exam
quick question: pls give me info on how to get a student residence,hostel
what is the deal with where i canprint out a physical copy of my daily class routine,schedule
timing for is the add drop schedule,registration
am i registered,registration
so my question is regarding who i should contact if i have a serious complaint about a specific faculty member,contacts
could you shed some light on what time the computer architecture test starts tomorrow morning,exam
"i have no idea got it, i will reach out later if i need more info. bye",bye
kindly call the registrar,contacts
yo exactly what i needed mate,thanks
"would you mind telling me where the university posts its official announcements, like a telegram channel or facebook page because i am confused",contacts
thank you very much,thanks
my friend asked me about what the cut off mark or passing point is for the national entrance exam this year and i don't know the answer,admission
dorm assignmnet,hostel
do you happen to know what subjects are considered mandatory core modules for my freshman year,courses
i would like to inquire: can i pay cost sharing ini nstallments,fees
tell me the exam dates,exam
what is the deal with when the actual test dates for the midterms will be officially announced,exam
i have no idea what the exct dates are for the academic calendar this year,schedule
im a freshman and i really need to know how many credit hours i need to take to graduate from the pharmacy program,courses
show me the degree prorams,courses
coul you please clarify if the library and cafeterias stay open during the mid semester reading week,holidays
guide me to to contact campus police,contacts
i would like to inquire: can i see is the student residence fee,hostel
can you explain how course reg works for freshmen coming in this year for me please,registration
location of the laboratory,location
"greetings, i need bachelors subjects are available",courses
"is it true that i am so glad i asked, thanks for the guidance",thanks
kindly late tuition penalty,fees
"i really need to understand where the university posts its official announcements, like a telegram channel or facebook page",contacts
"how exactly do i handle hey bot, hope you're haivng a good day",greeting
weekly timings fr freshmen,schedule
can someone tell me who i should contact if i have a serious complaint about a specific faculty member,contacts
do you happen to know what the cut off mark or passing point is for the national entrance examt his year,admission
pls list all holidays,holidays
im confused about when the post exam break officially strats so i can book my bus ticket home,holidays
"my prof told me to check okay perfect, thank you for taking the time to explain",thanks
where i go to get clearance before they will hand over my final transcript,results
could you please tell me what subjects are available,courses
"i have no idea thanks for your time, i am leaving the session",bye
would you mind telling me when my software engineering lecture is supposed to happen tomorrow because i am confused,schedule
could you shed some light on how i can fix my schedule if the reg portal is showing an error,registration
im confused about how the evening shift class timings differ frrom the regular daytime routine,schedule
ffarewell man,bye
thanks for your time,thanks
do you happen to know if the university provides any sort of monthly stipend or living allowance,scholarship
alright i am leaving now goodby enow,bye
guide me to to requirements for application,admission
well hello,greeting
would you mind telling me what the cut off mark or passing point is for the national entrance exam this year because i am confused,admission
"i am looking for information on hey guys, hoping someone can answer my questions today",greeting
is it true that who i should contact if i have a serious complaint about a specific faculty member,contacts
"i really need to understand got it, i will reach out later if i need more info. bye",bye
would you mind telling me what the strict eligibility criteria are for the need based scholarship program because i am confused,scholarship
any one here bot,greeting
im a freshman and i really need to know if the faculty of arts offers any short term certificate courses,courses
give me evening classes are available,courses
i am trying to figure out where i can securely check my semester grades online through the student portal today,results
where to find the email,contacts
adios,bye
can you explain when the continuous asssesment period is supposed to start according to the schedule for me please,schedule
ggoing offline man,bye
i am trying to figure out when the university officially closes down for the long summer vacation break today,holidays
i need details on what the strict rules are regarding bringing calculators into the exam hall as soon as possible,exam
culd you shed some light on if non-boarding students are ever allowed to stay in the dorms overnight,hostel
how the comprehensive exam is structured for graduating seniors,exam
what is are the fee waiver requirements,scholarship
"hey bot, i need some quick advice about if we get any days off classes to celebrate national public holidays like eid or christmas",holidays
wherre to find the phone number,contacts
"greetings, what are is the add drop deadline",registration
i'm a bit stuck trying to understand how much the annual fee is for staying in the official student residence,hostel
awesome assistant,thanks
what are is my class times,schedule
i am looking for information on what time the afternoon tutorial for pplied mathematics usually ends,schedule
just a quick question: when the post exam break oofficially starts so i can book my bus ticket home,holidays
talk to you later dude,bye
is the midterm hard,exam
can someone tell me if the cs department has any artificial intelligence electives this term,courses
what time isw ill mark be out,results
does anyone know if we actually have any classes routined during the upcoming holiday week,schedule
timing for is the test,exam
thanks {bot} man,thanks
i'm a bit stuck trying to understand if the university admission office accepts late aplications under special circumstances,admission
i am trying to figure out how to uset he student portal to sign up for my electives today,registration
could you please clarify if someone can give me directions to the university stadium or sports complex,location
does anyone know what kind of undergraduate degree programs are currently open for new students,courses
is it true that if there is a comprehensive staff directory where i can find my professor's contact info,contacts
i am looking for information on when the post exam break officially starts so i can book my bus ticket home,holidays
please guide me on what the passing mark is for the national exit exam in engineering,exam
im confused about what the refund policy is if i decide to drop out halfway throuh the semester,fees
i have no idea what the direct phone number is for the main registrar's office,contacts
explain to me about room,hostel
what the strict rules are regarding bringing calculators into the exam hall,exam
im confused about why i keep getting lost trying to find the computer lab in block 5,location
thaxn now,thanks
hey how to to do add drop,registration
email address for clinic,contacts
kindly official website,contacts
does anyone know what original documents i need to physically bring during the new student enrollment,admission
can someone tell me how to reach out directly to the president's office for a formal caademic inquiry,contacts
"hey there, i am trying to find out if master's degree students have a completely different fee structure than undergrads",fees
can you explain what i need to do if i urgently want to change my current hostel room for me please,hostel
farewell friend,bye
"can someone tell me okay i am done asking questions, shutting down the chat",bye
can you explain if there are any makeup classes planned for the lecturesw e missed last monday for me please,schedule
my prof told me to check if the cs department has any artificial intelligence electives this term,courses
im a freshman and i really need to know which depts actually offer postgraduate studies or masters degrees,courses
how to naviagte to freshman building,location
can someone tell me how much the actual cost sharing fee is for regular undergraduate students,fees
sup call the admni,contacts
i was wondering if you could help me figure out if there is a comprehensive staff directory where i can find my prof's contact info,contacts
i am looking for info on how to find the faculty of business administration dean's office,location
i would like to inquire: when is is my next lecture,schedule
can you explain how to use the student portal to sign up for my electives for me please,registration
is the exam hard,exam
i need some urgent help with how the comprehensive exam is structured for graduatingg seniors,exam
yo today,greeting
i need are the stipend requirements,scholarship
can you direct me to is the quiz held,exam
list modules do you have,courses
"i'm totally lost, can you explain how to use the student portal to sign up for my electives",registration
"hey bot, i need some quick advice about what kind of undergraduate degree programs are currently open for new students",courses
appeal my grade,results
do you happen to know what the schedule looks like for the annual university sports week and cultural day,holidays
hey transfer student letter for,admission
i'm a bit stuck trying to understand where i can securely check my semester grades online through the student portal,results
sup transfer student requirements for,admission
how can i to do add drop,registration
bank account for cost sharing,fees
im a freshman and i really need to know what a letter of acceptance looks like and when i should expect to receive it,admission
kindly give me the office contact,contacts
i really need to understand what original documents i need to physically bring during the new student enrollment,admission
i'm a bit stuck trying to understand what original documents i need to physically bring during the new student enrollment,admission
i'm a bit stuck trying to understand the exact cost per credit hour for students enrolled in the evening extension program,fees
"is it true that have a great rest of your day, i am logging out",bye
show me time does the class end,schedule
does anyone know where i can securely check my semester grades online through the student portal,results
i would like to inquire: lecture times for engineering,schedule
show me about room,hostel
"i'm a bit stuck trying to understand hi there, are you available to chat ofr a minute",greeting
can you explain the exact deadline to accept or reject my placement before they give my spot away for me please,admission
which building is the digital library in,location
what are is my grade,results
could you shed some light on the easiest way to navigate to the student clinic if i am coming from the dorms,location
"i was wondering if you could help me figure out hello campus assistant, i need your guidance",greeting
"greetings, clarify the day off calendar",holidays
"hey bot, i need some quick advice about if there is any chance to take a make up exam if i get sick during finals week",exam
"is it true that thanks for the chat, i have to run to my next class",bye
im confused about if there are any makeup classes planned for the lectures we missed last mondy,schedule
"i'm totally lost, can you explain where the registrar office is actually located on the main campus",location
"i want to study engineering, can i see are the departments",courses
kindly explain the fee structure,fees
if the cs department has any artificial intelligence electives this term,courses
"is it true that hey guys, hoping someone can answer my questtions today",greeting
selam dude,greeting
"just a quick question: thanks for the chat, i have to run to my next class",bye
i need some urgent help with if the university provides any sort of monthly stipend or living allowance,scholarship
just a quick question: just popping in to say hi and ask a quick thing,greeting
how to get my cgpa,results
please explain the fee structure,fees
does anyone know who i should contact if i have a serius complaint about a specific faculty member,contacts
"do you happen to know got it, i will reach out later if i need more info. bye",bye
kindly when do we close for rest day,holidays
"im a freshman and i really need to know where the university posts its official announcements, like a telegram channel or facebook page",contacts
could you give me the phone number,contacts
my prof told me to check how to find the faculty of business administration dean's office,location
"could you please clarify brilliant, i appreciate you sorting that out for me",thanks
"would you mind telling me okay bye, thanks for pointing me in the right direction because i am confused",bye
im a freshman and i really need to know the exact deadline for submitting the application forms for the dean's list award,scholarship
could you please tell me i need to know about dorm,hostel
plz show thhe midterm calendar,exam
give me info on the penalty,fees
do you offer grant,scholarship
transfer student letter for,admission
end chat bot,bye
"i'm totally lost, can you explain greetings from a confused first year student",greeting
how exactly do i handle if it is possible to pay the heavy school fees in smaller monthly insallments,fees
how can i to clearance for accommodation,hostel
quick question: check my transcrpt,results
weekly shift fro freshmen,schedule
you are helpful now,thanks
i was wondering if you could help me figure out where i can find the timetable for my upcoming continuous assessments and quizzes,exam
my friend asked me about whether there are any special campus events planned for the alumni homecoming weekend and i don't know the answer,holidays
could you shd some light on how the comprehensive exam is structured for graduating seniors,exam
i was wondering if you could help me figure out if there is a 24/7 help desk number i can call for urgent it support issues,contacts
"greetings, how to to do registration",registration
just a quick question: if non-boarding students are ever allowed to stay in the dorms overnight,hostel
sup is tehre class tomorrow,holidays
where to locate is my routine,schedule
can you explain how i can fix my schedule if the reg portal is showing an errorfor me please,registration
fully funded fee waiver,scholarship
"i was wondering if you could help me figure out i have no more questions right now, so peace out",bye
does anyone know what original documents i need to physically bring during the new student enrollemnt,admission
quick question: can i pay tuition in installments,fees
hi pls,greeting
what is the deal with if it is possible to pay the heavy school fees in smaller monthly installments,fees
i would like to inquire: can you help me find the dormitory,location
please show me location of the registrar office is,location
is it true that what kind of undergraduate degree programs are currently open for new students,courses
give me is the enrollment deadline,registration
i am trying to figure out where i can view my complete semester timetable online without going to the office today,schedule
quick question: process for to portal for enrollment,admission
whhere are the offices,location
i have no idea why my final mark for data structures is showing up as missing onn the system,results
can you explain the emergency contact number for the campus police or the student health clinic for me please,contacts
cool thanks man,thanks
leave amte,bye
quick question: give me the physical address of th software engineering department,location
i am trying to figure out if there is a comprehensive staff directory where i can find my professor's contact info today,contacts
i have no idea how i can request a student copy of my transcript for personal use,results
exactly what i needed,thanks
kindly list is my gpa,results
my friend asked me about why my final mark for data structures is showing up as missing on the system and i don't know the answer,results
i really need to understand how the proctor decides which bed space belongs to which student in a shared room,hostel
what time is is the registration fee deadline,fees
afternoon dude,greeting
can i see days of the week do we have the computer science tutorial,schedule
afternoon friend,greeting
could you shed some light on how to find the faculty of business administration dean's office,location
"hey there, i am trying to find out hello, i am a new student and i need some assistance",greeting
sup pls list all modules,courses
list all ceremonys,holidays
give me is the registration fee,fees
im confused about if tomorrow is considered a public rest day meaning we don't have to attend lectures,holidays
can sommeone tell me if the university website has a live chat feature for immediate customer service,contacts
please explain to me where to register,registration
"i'm totally lost, can you explain where i can find a legitimate sponsor to help cover my cost sharing expenses",scholarship
i need some urgent help with if there is a comprehensive staff directory where i can find my professor's contact info,contacts
"i need details on brilliant, i appreciate you sorting that out for me as soon as possible",thanks
which building is the admin building in,location
can someone tell me if the final exams are going to be open book or strictly closed book this time,exam
would you mind tleling me if i can easily change my assigned dept after i get conditionally admitted because i am confused,admission
"hey bot, i need some quick advice about that perfectly answered my question, cheers",thanks
support emmail,contacts
{please} help me man,greeting
could you shed some light on how i can request a student copy of my transcript for personal use,results
i need the assessment academic calendar,exam
could you please clarify whether we get consistent wifi and electricity inside the campus accommodation blocks,hostel
missing gpa complaint,results
bank cacount for school fee,fees
"my friend asked me about i have no more questions right now, so peace out and i don't know the answer",bye
i'm a bit stuck trying to understand whether we get consistent wifi and electricity inside the campus accommodation blocks,hostel
"hey bot, i need some quick advice about what happens to my reg status if i have an overdue penalty payment",fees
could you please clarify what documents are absolutely required when applying for the campus bursary grant,scholarship
can i see the academic lecture hours,schedule
i was wondering if you could help me figure out when the university officially closes down for the long summer vacation break,holidays
"i'm a bit stuck trying to understand i appreciate the help, see you around campus",bye
what are time does the class end,schedule
how do i get to is the hostel,hostel
could you shed some light on what a ailing f grade does to my overall academic standing and honor roll chances,results
"hey bot, i need some quick advice about the exact steps to add or drop a module before the penalty kick sin",registration
does anyone know if the university provides any sort of monthly stipend or living allowance,scholarship
is it true that if i can easily change my assigned department after i get conditionally admitted,admission
i am trying to figure out if the library and cafeterias stay open during the mid semester reading week today,holidays
if master's degree students have a completely different fee structure than undergrads,fees
does anyone know what the direct phone number is for the main registrar's office,contacts
sup man,greeting
does anyone know if the university provides any sort of monthly stipend or living llowance,scholarship
hey good night assistant,bye
"how exactly do i handle hey, i could really use some help navigating the university stuff",greeting
"greetings, what are time does the class end",schedule
my friend asked me about how the evening shift class timings differ from the regular daytime routine and i don't know the answer,schedule
wsg now,greeting
i need details on where i can securely check my semester grades online through the student portal as soon as opssible,results
directions to the stadium,location
can you explain how course registration works for freshmen coming in this year for me please,registration
could you please clarify when the actual test dates for the midterms will be officially announced,exam
show me the vacation calendar,holidays
log out assistant,bye
late regitration fee penalty,fees
could you shed some light on what happens to my reg status if i have an overdue penalty payment,fees
freshman registration,registration
"i need some urgent help with awesome, thanks for the clarification on that",thanks
quick question: late dorm fee penalty,fees
can you llist the available majors,courses
just a quick question: when my software engineering lecture is supposed to happen tomorrow,schedule
can you explain if someone can give me directions to the university stadium or sports complex for me please,location
kindly schedule for is the summer closure,holidays
email address for it support,contacts
kndly support email,contacts
"just a quick question: i have no more questions right now, s peace out",bye
i am trying to figure out if tomorrow is considered a public rest day meaning we don't have to attend lectures today,holidays
im confused about where i can find the academic calendar that outlines all the semester rest days,holidays
could you shed some light on if we actually have any classes scheduled during the upcoming holiday week,schedule
wow thanks assistant,thanks
my friend asked me about where ic an get clearance to finally register for my classes and i don't know the answer,registration
i am looking for info on what time the afternoon tutorial for applied mathematics usually ends,schedule
kindly kindly show me can you direct me to the admin bulding is,location
"i have no idea i am so glad i asked, thanks for the guidance",thanks
do you happen to know which building houses the finance office so i can pay my tuition,location
im confused about when the university officially closes down for the long summer vacation break,holidays
does anyone know what the exact dates are for the academic calendar this year,schedule
what is evening majors are available,courses
quicck question: entrance exam for enrollment,admission
could you shed some light on the specific clearance process i have to follow when moving out of the hostel,hostel
do you offer spponsor,scholarship
plz give e the customer service,contacts
can you explain if the continuous assessment scores are added to the final exam result automatically for me please,results
hey give me time does the class end,schedule
ate clearance,registration
"im confused about thanks for the chat, i have to run to my next class",bye
im a freshman and i really need to know if the university offers any fully funded sponsorship opportunities for international students,scholarship
kindly university closure for graduation vacation,holidays
my friend asked me about how i can get a copy of my official transcript for an external internship application and i don't know the answer,results
ive me the date of is the exit exam,exam
where is is my routine,schedule
is it true that if the faculty of arts offers any short term certificate courses,courses
is there any stiepnd,scholarship
"i have no idea where the university posts its official announcements, like a telegram channel or facebook page",contacts
navigate to is the dorm,hostel
i need details on if it is possible to pay the heavy school fees in smaller monthly installments as soon as possible,fees
please inform me where can i find the book store is,location
email address for admin,contacts
exactly what i needed friend,thanks
when is is the grant deadline,scholarship
sup requirements for entrance exam,admission
leave tooday,bye
i would like to inquire: freshman enrollment,registration
"greetings, entrance exam for transfer",admission
"hey there,, i am trying to find out what the direct phone number is for the main registrar's office",contacts
give me is the transfer criteria for,admission
i would like to inquire: what time is the exam,exam
schedule for do classes start,schedule
sup mate,greeting
give me info on the ceremony calendar,holidays
"do you happen to know you are a lifesaver, thanks bot",thanks
i am trying to figure out if i can easily change my assigned dept aafter i get conditionally admitted today,admission
give me is the semester efe,fees
what majors can i take tomorrow,courses
would you mind telling me if the faculty of arts offers any short term certificate courses because i am confused,courses
would you mind telling me where i go to get clearance before they will hand over my final transcript because i am confused,results
schedule for is the exit exam,exam
where is the portal for honor roll,results
kindly show the comprehensive exam timetable,exam
quick question: show me days of the week do we have the computer science tutorial,schedule
"i need details on awesome, thanks for the clarification on that as soon as possible",thanks
just a quick question: if it is possible to pay the heavy school fees in smaller monthly installments,fees
the easiest way to navigate to the student clinic if i am coming from the dorms,location
i need the make up exam class times,exam
what is the deal with where i can securely check my semester grades online through the student portal,results
please guide me on if there is any chance to take a make up exam if i get sick during finals week,exam
my friend asked me about whether the supplementary exams happen before or after the semester break and i don't know the answer,exam
"does anyone know hello, i am a new student and i need some assistance",greeting
i need details on whether the suplementary exams happen before or after the semester break as soon as possible,exam
i need details on how the proctor decides which bed space belongs to which student in a shared room as soon as possible,hostel
does anyone know what happens to my registration status if i have an overduepenalty payment,fees
plz pritn my honor roll,results
does anyone know if online enrollment is still open for us this semester,registration
can you direct me to is the room,hostel
farewell,bye
i was wondering if you could help me figure out if there is a way to do late reg withou paying a massive fee,registration
stps to to do sign up,registration
"could you shed some light on that is exactly what i was looking for, much obliged",thanks
could you i need to know how to get fund,scholarship
how can i to assignmentfor hostel,hostel
i need the timings for masters program,schedule
clarify about bed space,hostel
i really need to understand if master's degree students have a completely different fee structure than undergrads,fees
"greetings, tell me the comprehensive exam dates",exam
"hey bot, i need some quick advice about is there a human or a bot here to help me",greeting
i need details on which specific bank account number i should use to transfer my dorm and cafeteria fees as soon as possible,fees
i need is the accommodation fee,hostel
thanx assistant,thanks
im a freshman and i really need to know where i can find the academic calendar that outlines all the semester rest days,holidays
"i'm totally lost, can you explain where i need to take my bank slip to get financial clearance from the admin",fees
navigate to the clinic,location
my prof told me to check where i log in to check my official admission status or moe placement result,admission
how can i to find financial aid,scholarship
sup list is the cafeteria fee,fees
could you please clarify what the strict rules are regarding bringing calculators int othe exam hall,exam
hey is the admin building nearby,location
what is are the student loan requirements,scholarship
cool tanks dude,thanks
peae,bye
see ya mate,bye
would you mind telling me is there a human or a bot here to help me because i am confused,greeting
could you shed some light on whether there are any special campus events planned for the alumni homecoming weekend,holidays
how much is the registration fee,fees
could you please clarify how course reg works for freshmen coming in this year,registration
plz inform me navigate to the registrar offiice is,location
im a freshman and i really need to know if the cs dept has any artificial intelligence electives this term,courses
could you please tell me let me know about sign up,registration
my friend asked me about the physical p.o. box or zip code i should use if i want to mail a document to the admin and i don't know the answer,contacts
does anyone know how to use the student portal to sign up for my electives,registration
please guide me on how to apply for a student loan to cover the heavy tuition costs,scholarship
i was wondering if you could help me figure out if there is any chance to take a make up exam if i get sick during finals week,exam
would you mind telling me the exact deadline for submitting the application forms or the dean's list award because i am confused,scholarship
is law a major here,courses
can you explain how the formal admission process works for students transferring from another university for me please,admission
well thanx pls,thanks
yo freshman sign up,registration
i need is the admission status of,admission
could you please tell me transfer stuent requirements for,admission
kindly could you explain to me how to get a dorm,hostel
please list all modules,courses
can i see is my score,results
i am looking for information on if self sponsored students have a different enrollment process,registration
hey show me about add drop,registration
would you mind telling me if there is a comprehensive staff directory where i can find my prof's contact info because i am confused,contacts
can someone tell me where i log in to check my official admission status or moe placement result,admission
im a freshman and i really need to know where i can find a legitimate sponsor to help cover my cost sharing expenses,scholarship
please let me know the timetable for today,schedule
could you please clarify how the evening shift class timings differ from the regular daytime routine,schedule
"hey there, i am trying to find out when the absolute final deadline is for paying this semester's tuition without a penalty",fees
"i am trying to figure out okay perfect, thank you for taking the time to explain today",thanks
please guide me on what the syllabus looks like for the introduction to economics class,courses
so my question is regarding the exact cost per credit hour for students enrolled in the evening extension program,fees
is economics a major here,courses
hey when do we close for rest day,holidays
could you please tell me university closure for public closure,holidays
"greetings, what is the way to to letter for registration",admission
"my friend asked me about okay bye, thanks foor pointing me in the right direction and i don't know the answer",bye
"hey bot, i need some quick advice about how the formal admission process works for students transferring from another university",admission
sup navgiate to is my timetable,schedule
quick question: give me info on about transfer,admission
"i'm totally lost, can you explain why my final mark for data structures is showing up as missing on the system",results
unniversity closure for summer rest day,holidays
my prof told me to check where i can find a legitimate sponsor to help cover my cost sharing expenses,scholarship
good morning man,greeting
clarify about grant,scholarship
my friend asked me about if there is a non-refundable application fee required before submitting my forms and i don't know the answer,admission
"hey there, i am trying to find out if there is a comprehensive staff directory where i can find my prof's contact info",contacts
the emergency contact number for the campus police or the student health clinic,contacts
regster online portal,registration
just a quick question: the emergency contact number for the campus police or the student health clinic,contacts
super helpful dude,thanks
quick question: is the exam hard,exam
is it true that where i can print out a physical copy of my daily class routine,schedule
up today,greeting
how exactly do i handle when the continuous assessment period is supposed to start according to the schedule,schedule
farewell mate,bye
sup class timings kindly,schedule
{please} help me assistant,greeting
i am looking for information on what happens if i forgt to register before the system closes,registration
"hey bot, i need some quick advice about when my software engineering lecture is supposed to happen tomorrow",schedule
yo explain to me my grade,results
quick question: explain to m ethe website,contacts
please guide me on how a student with a high gpa can actually apply for merit based financial aid,scholarship
date for iss my next lecture,schedule
i am trying to figure out how i can get a copy of my official transcript for an external internship application today,results
can i see is the sign up deadline,registration
kindly give me info on how to get fund,scholarship
can someone tell me why my final mark for data structures is showing up as missing on the system,results
"can someone tell me i appreciate the help, see you around campus",bye
hey what time is the exit exam,exam
so my question is regarding how i can find the official email address for the head of the computer science dept,contacts
"i'm a bit stuck trying to understand hey, i could really use some help navigating the university stuff",greeting
hey enrollment process,registration
do you offer student loan,scholarship
if i can easily change my assigned department after i get conditionally admitted,admission
"i need details on got it, i will reach out later if i need more info. bye as soon as possible",bye
hey weekly shift for freshmen,schedule
kindly pelase show the exit exam routine,exam
navigate to is the quiz held,exam
i am trying to figure out if we actually have any classes routined during the upcoming holiday week today,schedule
i am trying too figure out how i can generate a digital payment receipt after paying via cbe birr or telebirr today,fees
"greetings, late sign up",registration
is it true that what the strict rules are regarding bringing calculators into the exam hall,exam
thx,thanks
could you please clarify what i need to do if i urgently want to change my current hostel room,hostel
wow thanks mate,thanks
hullo friend,greeting
"i am looking for info on hey, i could really use some help navigating the university stuff",greeting
is it true that how to apply for a student loan to cover the heavy tuition costs,scholarship
im a freshman and i really need to know how i am supposed to get to the engineering building from the main librery,location
"my friend asked me about okay bye, thanks for pointing me in the right direction and i don't know the answer",bye
i have no idea where i can download the complete course catalog for the upcoming academic year,courses
what are is thhe add drop deadline,registration
my friend asked me about where i can find the academic calendar that outlines all the semester ret days and i don't know the answer,holidays
"just a quick question: hello campus assistant, i need your guidance",greeting
quick question: steps to to apply for transfer,admission
could you please tell me please how me how to get stipend,scholarship
"im a freshman and i really need to know wow that was really helpful, thanks a million",thanks
"got it, i will reach out later if i need more info. bye",bye
hey when is is the sign up period,registration
im confused about if there is a specific fee waiver available for students with recognized disabilities,scholarship
"i really need to understand that's all i needed to know, goodbye for now",bye
do you happen to know the exact deadline to accept or reject my placementb efore they give my spot away,admission
so my question is regarding if there is a specific fee waiver available for students with recognized disabilities,scholarship
"what is the deal with hello, i am a new student and i need some assistance",greeting
list are the grant requirements,scholarship
"hey bot, i need some quick advice about if the cs deptt has any artificial intelligence electives this term",courses
how exactly do i handle what subjects are considered mandatory core modules for my freshman year,courses
i am trying to figure out if there is a non-refundable application fee required before submitting my forms today,admission
sup am i registeed,registration
so my question is regarding where i can find a legitimate sponsor to help cover my cost sharing expenses,scholarship
yo am i admitted,admission
i really need to understand if the continuous assessment scores are added to the final exam result automatically,results
where i can find a legitimate sponsor to help cover my cost sharing expenses,scholarship
can you direct me to is the dorm,hostel
i really need to understand how the comprehensive exam is structured for graduating seniors,exam
dorm assignment,hostel
pls show the exit exam class times,exam
could you please tell me what is the routine for for freshmen,schedule
yo location of is the campus housing,hostel
can you explain if there are any makeup classes planned for the lectures we missed lastt monday for me please,schedule
i need some urgent help with how the dormitory assignment process actually works for incoming freshmen,hostel
my friend asked me about where i can securely check my semester grades online through the student portal and i don't know the answer,results
"i need some urgent help with thanks for the chat, i have to run to my next class",bye
shutting down the chat bye assistant,bye
can you explain when the actual test dates for the midterms will be officially announced for me please,exam
i'm a bit stuck ttrying to understand the specific clearance process i have to follow when moving out of the hostel,hostel
could you lpease tell me list time does the class end,schedule
im a freshman and i really need to know if there is a non-refundable application fee required before submitting my forms,admission
whether the supplementary exams happen before or after the semester break,exam
i need details on how to find the faculty of business administration dean's office as soon as possible,location
give me the physical address of the arts department,location
yo see ya pls,bye
what is the way to to contact dean,contacts
kindly is there a hostel,hostel
eenrollment process,registration
i really need to understand how to find the faculty of business administration dean's office,location
im confused about when the continuous assessment period is supposed to start according to the scheduel,schedule
just a quick question: how i can find the official email address for the head of the comp sci dept,contacts
sup give me is the dorm fee,fees
quick question: when do we close for holiday,holidays
do you offer social sciences courses,courses
do you happen to know if the weekend extension program follows the exact same semester calendar,schedule
could you shed soome light on the exact location of the campus cafeteria that serves vegan food,location
"greetings, where is block 5 situated",location
do you happen to know whether the supplementary exams happen before or after the semester break,exam
show me days of the week do we have the social sciences tutorial,schedule
do you happen to know what happens to my reg status if i have an overdue penalty payment,fees
do you offer scholarship,scholarship
so my question is regarding where i need to take my bank slip to get financial clearance from the admin,fees
brilliant dude,thanks
i am looking for the clinic,location
abort,bye
i have no idea when the absolute final deadline is for paying this semester's tuition without a penalty,fees
can you explain where i can download the complete course catalog for the upcoming academic year for me please,courses
would you mind telling me what the strict eligibility criteria are for the need based scholarship progam because i am confused,scholarship
how to navigate to finance office,location
is there any bursary,scholarship
sign out today,bye
kindly is there class tomorrow,holidays
show me is my academic calendar,schedule
my prof told me to check whether there are any special campus events planned for the alumni homecoming weekend,holidays
could you give me the support,contacts
abort friend,bye
give me info on where i sthe laboratory is,location
quit today,bye
i am trying to figure out what the refund policy is if i decide to drop out halfway through the semseter today,fees
"what is the deal with i have no more questions right now, so peace out",bye
hey talk to you later friend,bye
i would like to inquire: plz give me info on how do i get to the admin building is,location
clarify about placement,admission
freshman add drop,registration
i'm a bit stuck trying too understand what the syllabus looks like for the introduction to economics class,courses
is it true that if the university admission office accepts late applications under special circumstances,admission
what is the deal with if someone can give me directions to the university stadium or sports complex,location
i'm a bit stuck trying to understand is there a human or a bot here to help me,greeting
email address for department head,contacts
tel me my mark,results
i need help {please} friend,greeting
hey i am ost can you help man,greeting
ok thansk,thanks
"my friend asked me about you are a lifesaver, thanks bot and i don't know the answer",thanks
could you please tell me is engineering a major here,courses
what is the deal with how many credit hours i need to take to graduate from the pharmacy program,courses
im a freshman and i really need to know good morning to whoever is amnaging this chat,greeting
"hey bot, i need some quick advice about okay i am done asking questions, shutting down the chat",bye
is tomorrow a ceremony,holidays
"hey bot, i need some quick advice about okay perfect, thank you for taking the time to explain",thanks
do you offer social sciences degrees,courses
give me info on where to reggister,registration
please guide me on when the university officially closes down for the long summer vacation break,holidays
can i pay school fee in installments,fees
"what is the deal with where he university posts its official announcements, like a telegram channel or facebook page",contacts
i would like to inquir:e where to find the office contact,contacts
i really need to understand how a student with a high gpa can actually apply for merit based financial aid,scholarship
steps to to rules for dormitory,hostel
list is the next closure,holidays
can you explain the physical p.o. box or zip code i should use if i want to mail a document to the admin for me please,contacts
great help today,thanks
what is are the fund requirements,scholarship
hey do you offer nurssing programs,courses
"hey there, i am trying to find out if tomorrow is considered a public rest day meaning we don't have to attend lectures",holidays
weekly calendar for freeshmen,schedule
i am trying to figure out where the digital library is situated compared to the regular book store today,location
latee registration,registration
transfer studeent letter for,admission
im confused about whether there are any special campus events planned for the alumni homecoming weekend,holidays
i am trying too figure out the exact deadline for submitting the application forms for the dean's list award today,scholarship
weekly academic calendar for freshmen,schedule
"could you please clarify hey, i could really use some help navigating the university stuff",greeting
goodbye now,bye
i would like to inquire: plz giveme the email,contacts
yo lecture times for social sciences,schedule
"i'm totally lost, can you explain how course registration works for freshmen coming in this year",registration
my friend asked me about what i need to do if i urgently want to change my current hostel room and i don't know the answer,hostel
so my question is regarding how the evening shift class timings differ from the regular daytime rutine,schedule
yo can you list the available majors,courses
how exactly do i handle what the strict eligibility criteria are for the need based scholarship program,scholarship
kindly give me the course outline for social sciences,courses
do you happen to know how to find the faculty of business administration dean's office,location
is artsa major here,courses
i'm a bit stuck trying to understand what documents are absolutely required when applying for the campus bursary grant,scholarship
what are is the next event,holidays
could you shed some light on what the exact formula is to correctly calculate my cumulative gpa,results
"hey there, i am trying to find out greetings from a confused first year student",greeting
"so my question is regarding i appreciate the help, see you around campus",bye
what electives can i take next week,courses
"greetings, location of the campus",location
i appreciate your help bot,thanks
i am trying to figure out what the specific date is for the upcmoing graduation ceremony event today,holidays
would you mind telling me if the final exams are going tob e open book or strictly closed book this time because i am confused,exam
leave now,bye
i was wondering if you could help me figure out when the post exam break officially starts so i can book my bus ticket home,holidays
inform me about aplpication,admission
"im a freshman and i really need to know that's all i needed to know, goodbye for now",bye
"greetings, infoorm me the extension fee",fees
i am trying to figure out the exact deadline for submitting the application forms for the dean's list awardd today,scholarship
i want to know the quiz dates,exam
i am looking for information on how i am supposed to get to the engineering building from the main library,location
inform me how to get grant,scholarship
how exactly do i handle where i can find a legitimate sponsor to help cover my cost sharing expenses,scholarship
that is all i needed to know goodbye,bye
yo is tomorrow a ceremony,holidays
is it true that which specific bank account number i should use to transfer my dorm and cafeteria fees,fees
i need details on whether the supplementary exams happen before or after the semester break as soon as possible,exam
please inform me my admission status,admission
process for to placement i nstudent residence,hostel
what time is the test,exam
kindly steps to to do add drop,registration
im confused about if it is possible to pay the heavy school fees in smaller monthly installments,fees
many thanks man,thanks
can i see the programs catalog,courses
"hey there, i am trying to find out the physical p.o. box or zip code i should use if i want to mail a document to the admin",contacts
hey where is block 5 situated,location
"my prof told me to check hey bot, hope you're having a good day",greeting
"im confused about you are a lifesaver, thanks bot",thanks
i want to know the contact info,contacts
call te admin,contacts
i'm a bit stuck trying to understand which building houses the finance office so i can pay my tuition,location
direcitons to the digital library,location
wat are are the sponsor requirements,scholarship
clariffy about stipend,scholarship
evening,greeting
thanks bye,bye
i have no idea if female students have access to any exclusive financial support programs,scholarship
steps to to do enrollment,registration
is anyone there,greeting
yo i need bachelors programs are available,courses
could you please tell me schedule for does transfer start,admission
leaving the dormitory,hostel
just a quick question: how the proctor decides which bed space belongs to which student in a shared room,hostel
i have no idea how much the actual cost sharing fee is for regular undergraduate students,fees
kindly how can i to process of application,admission
quick question: wheere to find a sponsor,scholarship
i am looking for the finance office,location
yo guide me to to do clearance,registration
what is the deal with if there is a non-refundable appliation fee required before submitting my forms,admission
i'm a bit stuck trying to understand when the continuous assessment period is supposed to strt according to the routine,schedule
my friend asked me about if there is a way to do late reg without paying a massive fee and i don't know the answer,registration
"what is the deal with thank you so much, you saved me a trip to the admin office",thanks
ciao today,bye
my friend asked me about what a letter of acceptance looks like and when i should expect to receive it and i don't know the answer,admission
"im confused about you are a lifesaver, thank sbot",thanks
kindly support email,contacts
where to find the customer service,contacts
"greetings, list is the comprehensive exam results",exam
give me info on how to getf inancial aid,scholarship
ook ty dude,thanks
my prof told me to check where i can download the complete course catalog for the upcoming academic year,courses
hello {bot} today,greeting
bye bye,bye
i am trying to figure out what a failing f grade does to my overall academic standing and honor roll chances today,results
i am trying to figure out if the examination priod is going to clash with the campus cultural week today,exam
pls inform me where to register,registration
quick question: give me is the test schedule,exam
"how exactly do i handle got it, i will reach out later if i need more info. bye",bye
list is the dormitory fee,hostel
is it true that if the weekend extension program follows the exact same semester calendar,schedule
can you explain how a student with a high gpa can actually apply for merit based financial aid for me please,scholarship
hey summer vacation dates,holidays
im a freshman and i really need to know if the continuous assessment scores are added to the final exam result automatically,results
i'm a bit stuck trying to understnd if the final exams are going to be open book or strictly closed book this time,exam
i am trying to figure out how to use the student portal to sign up for my electives today,registration
directions to the digital library,location
i have no idea what the cut off mark or passing point is for the national entrance exam this year,admission
how to to clearanec for room,hostel
yo tell me the break calendar,holidays
yo hello i need some assistance friend,greeting
can someone tell me what a letter of acceptance looks like and when i should expect to receive it,admission
university closure for easter holiday,holidays
requirements for application,admission
misisng grade complaint,results
pls clarify location of the book store is,location
so my question is regarding how many credit hours i need to take to graduate from the pharmacy program,courses
imc onfused about what the specific date is for the upcoming graduation ceremony event,holidays
perfect man,thanks
im a freshman and i really need to know where the registrar office is actually located on the main campus,location
greetings today,greeting
ok see ya pls,bye
hey transfe student status of,admission
my friend askd me about how the evening shift class timings differ from the regular daytime routine and i don't know the answer,schedule
im confused about what time the afternoon tutorial for applied mathematics usually ends,schedule
i would like to inquire: kindly i want to know my admission status,admission
what's up,greeting
is there class otmorrow,holidays
if self sponsored students have a different enrollment process,registration
kindly how to join the university,admission
give me info on how to get grant,scholarship
i need details on if i can easily change my assigned department after i get conditionally admitted as soon as possible,admission
dorm assignent,hostel
where i log in to check my official admission status or moe placement result,admission
yo location of is the dorm,hostel
hey am i registereed,registration
could you please tell me register online portal,registration
could you shed some light on if there is a comprehensive staff directory where i can find my professor's contact info,contacts
tnx friend,thanks
would you mind telling me how course registration works for freshmen coming in this year because i am confused,registration
bye assistant,bye
im confused about if there is a comprehensive staff directory where i can find my prof's contact info,contacts
requirements for registration,admission
plz clarify where to register,registration
could you please clarify if there is a 24/7 help desk number i can call for urgent it support issuse,contacts
quick question: pls give me the website,contacts
thanks mate friend,thanks
can i see is the help desk for admin,contacts
kindly explain to me the academic calendar for for freshmen,schedule
missing mark complaint,results
hey peace out man,bye
thank you for thee information today,thanks
"can you explain wow that was really helpful, thanks a million for me please",thanks
do you offer financial aid,scholarship
"hey bot, i need some quick advice about hey guys, hoping someone can answer my questions today",greeting
can i see is the test schedule,exam
im confused about what the schedule looks like for the annual university sports week and cultural day,holidays
"greetings, where to locate is the student residence",hostel
i need details on if there is a way to do late reg without paying a massive fee as soon as possible,registration
can i see is the next event,holidays
would you mind telling me the physical p.o. box or zip code i should use if i want to mail a document to the admin because i am confused,contacts
process for to contact department head,contacts
does anyone know what time the computer architecture test starts tomorrow morning,exam
tell me my result,results
"i'm totally lost, can you explain thanks for the chat, i have to run to my next class",bye
i am looking for info on whether we get consistent wifi and electricity inside the campus accommodation blocks,hostel
where to locate is the exam held,exam
would you mind telling me if the university provides married student housing or couples dormitories because i am confused,hostel
kindly missing score complaint,results
procss for to rent for bed space,hostel
i need details on if the weekend extension program follows the exact same semester calendar assoon as possible,schedule
"could you shed some light on hi there, are you available to chat for a minute",greeting
quick question: directions to the stadium,location
could you please clarify where i can find a legitimate sponsor to help cover my cost sharing expenses,scholarship
if we actually have any classes scheduled during the upcoming holiday week,schedule
i want to know about admission,admission
is it true that what the specific date is for the upcoming graduation ceremony event,holidays
im confused about what i should do because i compltely missed the late reg deadline,registration
i'm a bit stuck trying to understand what i need to do if i urgently want to change my current hostel room,hostel
"i need some urgent help with i totally undersand now, appreciate the detailed response",thanks
if the continuous assessment scores are added to the final exam result automatically,results
how can i to deadline for grant,scholarship
if online enrollment is still open for us this semester,registration
can someone tell me what time the afternoon tutorial for applied mathematics usually ends,schedule
could you please clarify greetings from a confused first year student,greeting
hey late cost sharing penalty,fees
show me disciplines are available in the social sciences college,courses
my prof told me to check where the registrar office is actually located on the main campus,location
can you explain what happens if i forget to register before the system closes for me please,registration
could you shedd some light on what the strict eligibility criteria are for the need based scholarship program,scholarship
does anyone know when the absolute final deadline is for paying this semester's tuition without a penalty,fees
"hey there, i am trying to find out awesome, thanks for the clarification on that",thanks
i am trying to figure out if the final exams are going to be open book or strictly closed book this time today,exam
where to find the p.o.box,contacts
"i'm totally lost, can you explain okay i am done asking questions, shutting down the chat",bye
"i need some ugent help with i appreciate the help, see you around campus",bye
awesmoe assistant,thanks
so my question is regarding what the exact formula is to correctly calculate my cumulative gpa,results
yo show me are the coore electives,courses
how a student with a high gpa can actually apply for merit based financial aid,scholarship
could you shed some light on how to use the tudent portal to sign up for my electives,registration
i'm a bit stuck trying to understand how a student with a high gpa can actually apply for merit based financial aid,scholarship
do you offer pharmacy programs,courses
yo is the comprehensive exam hard,exam
process for to clearance for student residence,hostel
kindly plz give me the telegram channel,contacts
i'm a bit stuck trying to understand if there is any chance to take a make up exam if i get sick during finals week,exam
i need the curriculum for pharmacy,courses
afternoon today,greeting
my prof told me to check what the syllabus looks like for the introduction to economics class,courses
please guide me on where the digital librery is situated compared to the regular book store,location
"hey bot, i need some quick advice about alright that makes sense, i'm gonna log off now",bye
my prof told me to check where i need to take my bank slip to get financial clearance fro mthe admin,fees
"i am lookin gfor information on awesome, thanks for the clarification on that",thanks
can you explain how to find the faculty of business administration dean's office for me please,location
please guide me on how course reg works for freshmen coming in this year,registration
i really need to understand how the evening shift class timings differ from the regular daytime routine,schedule
list is my transcript,results
bank account for tuition,fees
i am looking for info on the physical p.o. box or zip code i should use if i want to mail a document to the admin,contacts
i'm a bit stuck trying to understand whether the supplementary exams happen before or after the semester break,exam
yo list is thenext ceremony,holidays
i'm a bit stuck trying to understand if someone can give me diirections to the university stadium or sports complex,location
ok htanks mate,thanks
can you explain how i am supposed to get to the engineering building from the main library for me please,location
"im a freshman and i really need to know hello campus assistant, i need your guidance",greeting
kindly i want to know where is the cafeteria is,location
my prof told me to check if i can easily change my assigned department after i get conditionally admitted,admission
fully funded financial aid,scholarship
i have no idea if the examination period is going to clash with the campus cultural week,exam
quick question: late add drop,registration
what is the routine for this semester,schedule
how exactly do i handle who i should contact if i have a serious complaint about a specific faculty member,contacts
i would like to inquire: iinform me the holiday calendar,holidays
hey give me info on how to get a dorm,hostel
"greetings, email address for it support",contacts
could you shed some light on is there a human or a bot here to help me,greeting
please guide me on if there are any makeup classes planned for the lectures we missed last monday,schedule
please guide me on when the continuous assessment period is supposed to start according to the schedule,schedule
requirements for enrollment,admission
could you please clarify if i can easily change my assigned dept after i get conditionally admitted,admission
hey campus maap plz,location
could you shed some light on if there are any makeup classes planned for the lectures we missed last monday,schedule
could you please clarify if the university admission office accepts late applications under special circumstances,admission
i need the curriculum for computer science,courses
can someone tell me if the faculty of arts offers any short term certificate courses,courses
kindly campus amp,location
"i really need to understand i have no more questions right now, so peace out",bye
does anyone know if no-nboarding students are ever allowed to stay in the dorms overnight,hostel
do you happen to know how the formal admission process works for students transferring from another university,admission
wehn do we close for closure,holidays
bank account for registration fee,fees
i need details on if female students have access to any exclusive financial support programs as soon as possible,scholarship
i would like to inquire: pls print my academic record,results
university closure for summer vacation,holidays
please guide me on what time the afternoon tutorial for applied mathematics usually ends,schedule
my prof told me to check what the schedule looks like for the annal university sports week and cultural day,holidays
i have no idea how i can generate a digital payment receipt after paying via cbe birr or telebirr,fees
sup can i pay school fee in installments,fees
do you happen to know how a student with a high gpa can actually apply for merit based financial aid,scholarship
"can someone tell me thank you so much, you ssaved me a trip to the admin office",thanks
what time is is the scholarship deadline,scholarship
please give me info on where can i find the finance office is,location
the exact deadline for submitting the application forms for the dean's list award,scholarship
can i pay tuition in installments,fees
i need details on how many credit hours i need to take to gradate from the pharmacy program as soon as possible,courses
how exactly do i handle if someone can give me directions to the university stadium or sports complex,location
where to locate is the hostel,hostel
ccampus housing application,hostel
im a freshman and i really need to know the exact deadline to accept or reject my placement before they give my spot away,admission
yo leaving the dorm,hostel
i am trying to figure out how much the actual cost sharing fee is for regular undergraduate students today,fees
guide me to to find allowance,scholarship
"hey bot, i need some quick advice about how i can find the official email address for the head of the computer science dept",contacts
"what is the deal with wow that was really helpful, thanks a million",thanks
"i really need to understand you are a lifesaver, thanks bot",thanks
i would like to inquire: call the department head,contacts
sup financial support for students,scholarship
"hey there, i am trying to find out where i can find the timetable for my upcoming continuous assessments and quizzes",exam
my friend asked me about how much the actuall cost sharing fee is for regular undergraduate students and i don't know the answer,fees
i was wondering if you could help me figure out how the dormitory assignment process actually works for incoming freshmen,hostel
flly funded allowance,scholarship
does anyone know how to apply for a student loan to ccover the heavy tuition costs,scholarship
my friend asked me about if self sponsored students have a different enrollment process and i don't know the answer,registration
could you shed some light on what the strict eligibility criteria are for the need based scholarship program,scholarship
could you shed some light on where the digital librery is situated compared to the regular book store,location
please guide me on what the exact formula is to correctly calculate my cumulative gpa,results
just a quick question: if the examination period is going to clash with the campus cultural week,exam
see you soon dude,bye
i am trying to figure out where i need to take my bank sli to get financial clearance from the admin today,fees
can you explain if tomorrow is considered a public rest day meaning we don't have to attend lectures for me please,holidays
what classes are offered in arts,courses
could you shed some light on when the post exam break officially starts so i can book my bus ticket home,holidays
im confused about how to apply for a student loan to cover the heavy tuition costs,scholarship
im a freshman and i really need to know how i can fix my schedule if the reg portal is showing an error,registration
campus map pz,location
hey bye bye man,bye
pay the cafeteria fee,fees
i'm a bit stuck trying to understand if there is a way to do late registration without paying a massive fee,registration
coul you please tell me what classes are offered in arts,courses
shedule for is the registration schedule,registration
"hey there, i am trying to find out which building houses the finance office so i can pay my tuition",location
how exactly do i handle the exact steps to add or drop a module before the penalty kicks in,registration
i am trying to figure out where the heck the freshman orientation is being held today today,location
quick question: transfer student portal for,admission
can you explain how i can fix my routine if the reg portal is showing an error for me please,registration
kindly i need to know location of the main gate is,location
could you please tell me let me know the tuition,fees
"what is the deal with hey bot, hope you're having a good day",greeting
what the specific date is for the upcoming graduation ceremony event,holidays
if someone can give me directions to the university stadium or sports complex,location
"would you mind telling me hey, i could really use some help navigating the university stuff because i am confused",greeting
my prof told me to check when the actual test dates for the midterms will be officially announced,exam
"hey bot, i need some quick advice about that is exactly what i was looking for, much obliged",thanks
when is is my next lecture,schedule
im a freshman and i really need to know what the syllabus looks like for the introduction to economics class,courses
i would like to inquire: when is will result be out,results
"greetings, m i registered",registration
"hey bot, i need some quick advice about what the refund policy is if i decide to drop out halfway through the semester",fees
can someone tell me is there a human or a bot here to help me,greeting
"i'm totally lost, can you explain how any credit hours i need to take to graduate from the pharmacy program",courses
could you please clarify what the specific date is for the upcoming graduation ceremony event,holidays
could you shed some light on what a failing f grade does to my overall academic standing and honor roll chances,results
very helpful dude,thanks
"i am trying to figure out i am so glad i asked, thanks for the guidance today",thanks
i am trying to figure out if the continuous assessment scores are added to the final exam result automatically today,results
pls tell me where to register,registration
great help assistatn,thanks
give me the date of is the fee waiver deadline,scholarship
tell me how to get a room,hostel
good morning to whoever is managing this chat,greeting
"i am trying to figure out okay i am done asking questions, shutting down the chat today",bye
show me is the registration deadline,registration
"hey there, i am trying to find out just popping in to say hi and ask a quick thing",greeting
i it true that whether the supplementary exams happen before or after the semester break,exam
hey plz list all rest days,holidays
timing for is the public closure,holidays
my prof told me to check if the university provides mmarried student housing or couples dormitories,hostel
im confused about if the university provides any sort of monthly stipend or living allowance,scholarship
i need some urgent help with what original documents i need to physically bring during the new student enrollment,admission
give me is the enrollmetn criteria for,admission
could you please tell me weekly schedule for freshmen,schedule
quick question: pls show the assessment imings,exam
is it true that where i can view my complete semester timetable online without going to the office,schedule
schedule for is the fee waiver deadline,scholarship
can someone tell me if there is a non-refundable application fee required before submitting my forms,admission
"is it true that i appreciate the help, see you around campus",bye
how to navigate to stadium,location
i really need to understand what the exact formula is to correctly calculate my cumulative gpa,results
waiver for the tuition,fees
how much is the cafeteria fee,fees
yo how to navigate to main gate,location
inform me about entrance exam,admission
can someone tell me when the continuous assessment period is supposed to start according to the routine,schedule
would you mind telling me where i can find the academic calendar that outlines all the semester rest days because i am confused,holidays
i would like to inquire: transfer student requirements fro,admission
can you explain when my software engineering lecture is supposed to happen tomorrow for me please,schedule
directions to the cafeteria,location
i need the comprehensive exam timings,exam
so my question is regarding when the continuous assessment period is supposed to start according to the scheduel,schedule
how can i to placement in hostel,hostel
im confused about what the strict eligibility criteria are for the need based schloarship program,scholarship
is it true that the process for filing a formal grade appeal if i think my prof made a mistake,results
my friend asked me about what the cuto ff mark or passing point is for the national entrance exam this year and i don't know the answer,admission
my friend asked me about where i go to get clearance before they will hand over my final transcript and i don't know the answer,results
directions to the toilet,location
"hey there, i am trying to find out thanks for your time, i am leaving the session",bye
"just a quick question: have a great rest of your day, i am logging out",bye
what classes are offered in nursing,courses
can someone tell me what happens to my reg status if i have an overdue penalty payment,fees
my friend asked me about the process for filing a formal grade appeal if i think my prof made a mistake and i don't know the answer,results
hi friend,greeting
i was wondering if you could help me figure out if the final exams are going to be open book or strictly closed book this time,exam
very helpful,thanks
just a quick question: what happens if i forget to register before the system closes,registration
i am trying to figure out the physical p.o. box or zip code i should use if i want to mail a document to the admin today,contacts
navigate to the toilet,location
i have no idea how i am supposed to get to the engineering building from the main library,location
"i really need to understand hey guys, hoping someone can answer my questions today",greeting
"my friend asked me about where the university posts its official announcements, like a telegram channel or facebook page annd i don't know the answer",contacts
give me the date of is the financial aid deadline,scholarship
show me are the financial aid requirements,scholarship
sup explainto me my gpa,results
yo can i see masters classes are available,courses
could you please tell me where to pay semester fee,fees
"i'm totally lost, can you explain if there is a way to do late reg without paying a massive fee",registration
"please guide me on thank you so much, you saved me a trip to the admin office",thanks
wsg pls,greeting
where to see my honor roll,results
"im confused about have a great rest of your day, i am logging out",bye
where to pay odrm fee,fees
call the adin,contacts
i'm a bit stuck trying to understand where the heck the freshman orientation is being held today,location
done with my queries bye,bye
hullo,greeting
i have no idea the exact deadline to accept or reject my placement before they give my psot away,admission
is it true that how i can fix my routine if the reg portal is showing an error,registration
"im a freshman and i really need to know got it, i will reach out later if i need more info. bye",bye
yo friend,greeting
kindly i need the calendar for bachelors program,schedule
"i'm a bit stucck trying to understand okay perfect, thank you for taking the time to explain",thanks
quick question: what are time does the class end,schedule
can someone tell me the exact locatio nof the campus cafeteria that serves vegan food,location
nce one pls,thanks
location of is my academic calendar,schedule
my prof told me to check the emergency contact number for the campus police or the student health clinic,contacts
clarify about sign up,registration
clarify my academic record,results
im confused about how i can get a copy oof my official transcript for an external internship application,results
is there a accommodation,hostel
i would like to inquire: where can i find is the exam held,exam
"greetings, missing gpa complaint",results
i am looking for information on the exact location of the campus cafeteria that serves vegan food,location
"i really need to understand hey bot, hope yo're having a good day",greeting
i am trying to figure out good morning to whoever is managing this chat today,greeting
directions to the finance office,location
yo show me about accommodation,hostel
what is the deal with what i should do because i completely missed the late reg deadline,registration
im a freshman and i really need to know if it is possible to pay the heavy school fees in smaller monthly installments,fees
i need help {please} now,greeting
well catch you later assistant,bye
kindly please list all day offs,holidays
complain about my gpa,results
i need my official transcript,results
i need some uurgent help with greetings from a confused first year student,greeting
im confused about how i can find the official email address for the head of the comp sci department,contacts
hey is there a student residence,hostel
i'm a bit stuck trying to understand what the refund policy is if i decide to drop out halfway through the semester,fees
"please guide me on that's all i needed to know, goodbye for now",bye
could you shed some light on what the passing mark is for the national exit exam in engineerign,exam
list are the financial aid requirements,scholarship
quick question: what are is the entrance exam process of,admission
yo i need the assessment class times,exam
awesome dude,thanks
my prof told me to check when the post exam break officially starts so i can book my bus ticket home,holidays
could you please tell me navigate to is the exit exam held,exam
im confused about how many credit hours i need to take to graudate from the pharmacy program,courses
yo see you mate,bye
"i am looking for info on i have no more questions right now, so peace out",bye
could you please tell me give me the course outline for pharmacy,courses
hey list subjects do yuo have,courses
hey freshman clearance,registration
kindly what is is te next event,holidays
my friend asked me about when my software engineering lecture is supposed to happen tomorrow and i don't know the answer,schedule
i am trying to figure out the difference between the software engineering and regular cs majors today,courses
hepl desk number,contacts
give me the physical address of the engineering department,location
see ya now,bye
give me are the student loan requirements,scholarship
my friend asked me about how the dormitory assignment process actually owrks for incoming freshmen and i don't know the answer,hostel
quick question: email address for admin,contacts
shutting down the chat bye,bye
explain to me about tthe accounting degree,courses
is it tre that what the cut off mark or passing point is for the national entrance exam this year,admission
perfect dude,thanks
could you please tell me steps to to status of transfer,admission
i'm a bit sstuck trying to understand if master's degree students have a completely different fee structure than undergrads,fees
how exactly do i handle if there is a comprehensive staff directory where i can find my prof's contact info,contacts
does anyone know if tomorrow is considered a public rest day meaning we don't have to attend lectures,holidays
i would like to inquire: how to join the university,admission
could you show me where to register,registration
sup explain to me about fund,scholarship
my prof told me to check how i can find the official email address for the head of the cs dept,contacts
any one here,greeting
yo no more questions for now bye,bye
just a quick question: the exact deadline to accept or reject my placement before they give my spot away,admission
i am looking for information on if the continuous assessment scores are added to the final exam result automatically,results
if there is a specific fee waiver available for students with recognized disabilities,scholarship
"okay i am done asking questions, shutting down the chat",bye
im confused about when the actual test dates for the midterms will be officially announcced,exam
i appreciate your help,thanks
is it true that how i can apply for postgraduate admission if i already have my bachelor's degree,admission
where to pay extension fee,fees
let me know the assessment dates,exam
my prof told me to check if the faculty of arts offers any short term certificate courses,courses
just a quick question: what time the afternoon tutorial for applied mathematics usually ends,schedule
kindly passing mark for exit exam,exam
leave bot,bye
i need the shift for extension program,schedule
just a quick question: which depts actually offer postgraduate studies or masters degrees,courses
i need the shift for regular program,schedule
greetings chatbot now,greeting
checck my honor roll,results
sup what time is the assessment,exam
can you help me find the dormitory,location
quick question: i need the schedule for degree program,schedule
i would like to inquire: how to get my honor roll,results
i was wondering if you could help me figure out if the university provides any sort of monthly stipend or living allowance,scholarship
where to ocate the library,location
can i see the academic academic calendar,schedule
guideme to to status of transfer,admission
show me is my academic record,results
late cost sharing penalty,fees
i have to go now bye today,bye
my friend asked me about if we get any days off classes to celebrate national public holidays like eid or christmas and i don't know the answer,holidays
what is the deal with if the cs dept has any artificial intelligence electives this term,courses
good job today,thanks
kindly can i pay cafeteria fee in installments,fees
could you print my gpa,results
helpful bot,thanks
i have no idea if the cs dept has any artificial intelligence electives this term,courses
my prof told me to check if tomorrow is considered a public rest day meaning we don't have to attend lectures,holidays
would you mind telling me when the academic records office will finally release the graduation results because i am confused,results
my friend asked me about if the university provides any sort of monthly stipend or living allowance and i don't know the answer,scholarship
"i really need to understand i appreciate the help, see you around campus",bye
the exact cost per credit hour for students enrolled in the evening extension program,fees
what is time does the class end,schedule
i have no idea how to find the faculty of business administration dean's office,location
do you happen to know how the dormitory assignment process actually works for incoming freshmen,hostel
hello i need some assistance today,greeting
pls give me the email,contacts
i am trying to figure out when the post exam break officially starts so i can book my bus ticket home today,holidays
greetings,greeting
what is the deal with where i should go to rreport a broken window or plumbing issue in my dorm room,hostel
quick question: can you list the available majors,courses
kindly where to pay registration fee,fees
give me the help desk,contacts
explain to me the programs for physics,courses
show me about rgistration,admission
late cafeteria fee penalty,fees
i need details on the exact deadlinefor submitting the application forms for the dean's list award as soon as possible,scholarship
well ty today,thanks
late dorm fee penalty,fees
i am trying to figure out what i should do because i completely missed the late reg deadline today,registration
i am trying to figure out where i can print out a physical copy of my daily class routine today,schedule
im a freshman and i really need to know what time the afternoon tutorial for applied mathematics usually ends,schedule
"i'm a bit stuck trying to understand hey bot, hope you're having a good day",greeting
"hey bot, i need some quick advice about hello campus assistant, i need your guidance",greeting
"i'm a bit stuck trying to understand thanks for your time, i am leaving the session",bye
i was wondering if you could help me figure out how the formal admission process works for students transferring from another university,admission
"i have no idea wow that was really helpful, thanks a million",thanks
my friend asked me about if there is a comprehensive staff directory where i can find my professor's contact info and i don't know the answer,contacts
could you shed some light on where i can find the academic calendar that outlines all the semester rest days,holidays
thanks for your time man,thanks
what time is the assessment,exam
which specific bank account number i should use to transfer my dorm and cafeteria fees,fees
university closure for semester ceremony,holidays
im confused about is there a human or a bot here to help me,greeting
"i'm totally lost, can you explain how i am supposed to get to the engineering building from the main librery",location
kindly which building is the digital library in,location
"i'm totally lost, can you explain when the asolute final deadline is for paying this semester's tuition without a penalty",fees
"my prof told me to check hello, i am a new student and i need some assistance",greeting
i need details on where i can securely check my semester grades online through the student portal as soon as possible,results
give me is the add drop deadline,registration
so my question is regarding when the absolutef inal deadline is for paying this semester's tuition without a penalty,fees
awesome now,thanks
i am trying to figure out if the university provides married student housing or couples dormitories today,hostel
where i can find the timetable for my upcoming continuous assessments and quizzes,exam
what is is my timings,schedule
tell m the test dates,exam
hullo assistant,greeting
sup enrollment process,registration
show me disciplinnes are available in the pharmacy college,courses
"so my question is regarding hey bot, hope you're having a good day",greeting
i need details on if the university website has a live chat feature for immediate customer service as soon as possible,contacts
i need details on whether there are any special campus events planned for the alumni homecoming weekend as soon as possible,holidays
i need is m ymark,results
inform me about registration,registration
quick question: entrance exam for enrollment,admission
i am trying to figure out the exact deadline to accept or reject my placement before they give my spot away today,admission
i am trying to figure out when the absolute final deadline is for paying this semester's tuition without a penalty today,fees
"greetings, schedule for is the add drop requirements",registration
"i'mtotally lost, can you explain what subjects are considered mandatory core modules for my freshman year",courses
im a freshman and i really need to know if tomorrow is considered a public rest day meaning we don't have to attend lectures,holidays
i need the curriculum for law,courses
quick question: could you give me info on where to locate the stadium is,location
where to pay dorm fee,fees
i really need to understand how i am supposed to get to the engineering building from the main librery,location
hey is the test hard,exam
is it true that how much the annual fee is for staying in the official student residence,hostel
"i'm totally lost, can you explain what the syllabus looks like for the introduction to economics class",courses
sup can i see is the dorm fee,fees
what is the way to to contact registrar,contacts
dor assignment,hostel
i am trying to figure out the rules regarding bringing heavy electrical appliances into the campus housing today,hostel
my prof told me to check which specific bank account number i should use to transfer my dorm and cafeteria fees,fees
"i need some urgent help with hey guys, hoping someone can answer my questions today",greeting
email address for president,contacts
that is all i needed to know goodbye now,bye
inform me the phone number,contacts
im confused about what original documents i need to physically bring during the new student enrollment,admission
quick question: what are is the next weekend,holidays
nice one,thanks
plz give me the phone number,contacts
i was wondering if you could help me figure out how i can fix my schedule if the reg portal is showing an error,registration
do you happen to know what happens if i forget to register before the system closes,registration
can i see is the national exam period,exam
"so my question is regarding that's all i needed to know, goodbye for now",bye
what time is is the enrollment deadline,registration
give me info on the courses for accounting,courses
pls show tthe exam shift,exam
timing for is the winter weekend,holidays
"hey there, i am trying to find out thanks for the chat, i have to run to my next class",bye
is it true that where i can securely check my semester grades online through the student portal,results
directions to the freshman building,location
"my prof told me to check i am so glad i asked, thanks for the guidance",thanks
quick question: timing for is the enrollment period,registration
my friend asked me about how i can apply for postgraduate admission if i already have my bachelor's degree an di don't know the answer,admission
so my question is regarding why my final mark for data structures is showing up as missing on the system,results
how exactly do i handle when the continuous assessment period is supposed to start according to the routine,schedule
i need is the entrance exam deadline for,admission
i am looking for the main gate,location
plz print my grade,results
i need details on where i should go to report a broken window or plumbing issue in my dorm room as soon as possible,hostel
i am looking for information on just popping in to say hi and ask a quick thing,greeting
explain to me the quiz dates,exam
could you please tell me directions to the main gate,location
i need some urgent help with if i can easily change my assigned dept after i get conditionally admitted,admission
quick question: pls list all electives,courses
hey timing for is the exam,exam
i need some urgent help with if he university provides married student housing or couples dormitories,hostel
"hey bot, i need some quick advice about where the digtial librery is situated compared to the regular book store",location
could you shed some light on the physical p.o. box or zip code i should use if i want to mail a document to the admin,contacts
"greetings, plz tell me can you direct me to the clinic is",location
i would like to inquire: register online portal,registration
quit bot,bye
my prof told me to check where i need to take my bank slip to get financial clearance from the admin,fees
thanks bye assistant,bye
peace out bot,bye
i really need to understand what documents are absolutely required when applying for the campus bursary grant,scholarship
i need some urgent help with what i should do because i completely missed the late reg deadline,registration
gie me is the next break,holidays
please guide me on the easiest way to navigate to the student clinic if i am coming from the dorms,location
could you please clarify the process for filing a formal grade appeal if i think my professor made a mistake,results
what is days of the week do we have the engineering tutorial,schedule
im a freshman and i really need to know when my software engineering lecture is supposed to happen tomorrow,schedule
i'm a bit stuck trying to understand what the cut off mark or passing point is for the national entrance exam this year,admission
"greetinsg, can i see phd majors are available",courses
"could you please clarify hey bot, hope you're having a good day",greeting
what is the deal with how the evening shift class timings differ from the regular daytime routine,schedule
would you mind telling me what original documents i need to physically bring during the new student enrollment because i am confused,admission
hey i am lost can you help man,greeting
could you please tell me entrance exam for placement,admission
show me are the financiall aid requirements,scholarship
could you shed some light on where i can get clearance to finally register for my classes,registration
do you happen to know why i keep getting lost trying to find the compuer lab in block 5,location
sup register online portal,registration
would you mind telling me which depts actually offer postgraduate studies or masters degrees because i am confused,courses
im a freshman and i really need to know if theuniversity admission office accepts late applications under special circumstances,admission
check my grade,results
i have no idea the exact steps to add or drop a module before the penalty kicks in,registration
could you please clarify if master's degree students have a completely different fee structure than undergrads,fees
yo what is the routine for for seniors,schedule
"could you please clarify i am so glad i asked, thanks for the guidance",thanks
"please guide me on where the university posts its official announcements, like a telegram channel or facebook page",contacts
how much is the tuition,fees
my prof told me to check how i can generate a digital payment receipt after paying via cbe birr or telebirr,fees
does anyone know what time the afternoon tutorial for applied mathematics usually ends,schedule
i have no idea if we get any days off classes to celebrate national public holidays like eid or christmas,holidays
could you please tell me can you list the available majors,courses
timing for will transcript be out,results
could you shed some light on where i log in to check my official admission status or moe placement result,admission
seee you soon mate,bye
"can someone tell me have a great rest of your day, i am logging out",bye
give me the physical address of the pharmacy department,location
when do we close for day off,holidays
just a quick question: if there is a way to do late reg without paying a massive fee,registration
show me is my schedule,schedule
lecture times for computer science,schedule
"hey bot, i need some quick advice about if the universit offers any fully funded sponsorship opportunities for international students",scholarship
transfer stuednt deadline for,admission
could you please tell me give me info on about add drop,registration
yo can you help me find the stadium,location
ok see you soon mate,bye
clarify about accommodation,hostel
can someone tell me when the actual test dates for the midterms will be officially announced,exam
what is the routne for for freshmen,schedule
show me is the next weekend,holidays
"greetings, leaving the hostel",hostel
"i am trying to figure out wow that was really helpful, thanks a million today",thanks
"greetings, show me is the add drop deadline",registration
yo how do i get to the stadium,location
passinng mark for test,exam
quick question: show me is the tuition,fees
university closure for smester closure,holidays
"greetings, kindly show the make up exam academic calendar",exam
can i see days of the wek do we have the social sciences tutorial,schedule
sup i need my official transcript,results
call the university,contacts
"i was wondering if you could help me figure out you are a lifesaver, thanks bot",thanks
"would you mind telling me thank you so much, you saved me a trip to the admin office because i am confused",thanks
what is the deal with if the university provides any sort of monthly stipend or living allowance,scholarship
kindly pls give me the help desk,contacts
i was wondering if you could help me figure out if it is possible to pay the heavy school fees in smaller monthly installments,fees
just a quick question: is there a human or a bot here to help me,greeting
"do you happen to know thank you so much, you saved me a trip to the admin office",thanks
just a quick question: what the refund policy is if i decide to drop out halfway through the semester,fees
kindly kindly give me info on where to register,registration
i would like to inquire: location of is the assessment held,exam
quick question: kindly give me info on my entrance exam status,admission
quick question: when si is the winter event,holidays
"greetings, dorm assignment",hostel
i really need to understand how i can finnd the official email address for the head of the comp sci dept,contacts
abort pls,bye
guide me to to do enrollment,registration
sup how much is the cost sharing,fees
i need details on what the direct phone number is for the main registrar's office as soon as possible,contacts
does anyone know where i can find a legitimate sponsor to help cover my cost sharing expenses,scholarship
i was wondering if you could help me figure out how many credit hours i need to take to graduate from the pharmacy program,courses
guide me to to requirements for admission,admission
call the admin,contacts
i really need to understand what kind of undergraduate degree programs are currently open for new students,courses
what is the way to to fee for dormitory,hostel
"hey there, i am trying tof ind out how i am supposed to get to the engineering building from the main librery",location
tell me about the nursing degree,courses
how much the annual fee is for staying in the official student residence,hostel
show me days of the week do we have the computer science tutorial,schedule
could you please tell me could yuo list all rest days,holidays
can you explain when the actual tesst dates for the midterms will be officially announced for me please,exam
yo official website,contacts
would you mind telling me what the strict rules are regarding bringing calculators into the exam hall because i am confused,exam
give me the physical address of the law department,location
i'm a bit stuck trying to understand if the university admissin office accepts late applications under special circumstances,admission
im confused about where i can find the timetable for my upcoming continuous assessments and quizzes,exam
so my question is regarding how a student with a high gpa can actually apply for merit based financial aid,scholarship
my friend asked me about good morning to whoever is managing this chat and i don't kow the answer,greeting
could you shed some light on which depts actually offer postgraduate studies or masters degrees,courses
i need the timetable for postgraduate program,schedule
i'm a bit stuck trying to understand how i can fix my routine if the reg portal is showing an error,registration
i'm a bit stuck trying to understand how to use the student portal to sign up for my electives,registration
wher to locate is the final held,exam
"hey bot, i need some quick advice about i appreciate the help, see you around campus",bye
what is is the office contact for university,contacts
can you explain when the absolute final deadline is for paying this semester's tuition without a penalty for me please,fees
"can someone tell me awesome, thanks for the clarification on that",thanks
hey is there any grant,scholarship
what is is the website for admin,contacts
please guide me on if i can easily change my assigned dept after i get conditionally admitted,admission
how much the actual cost sharing fee is for regular undergraduate students,fees
"my friend asked me about hello campus assistant, i need your guidance and i don't know the answer",greeting
hi can you provide me with some info friend,greeting
i need details on if the dormitories force students to leave during the long winter break as soon as possible,holidays
im a freshman and i really need to know if there are any makeup classes planned for the lectures we missed last monday,schedule
just a quick question: how i am supposed to get to the engineering building from the main library,location
can someone tell me what the strict eligibility criteria are for the need based scholarship program,scholarship
i really need to understand the physical p.o. box or zip code i should use if i want to mail a document to the admin,contacts
my friend asked me about if there is a 24/7 help desk number i can call for urgent it support issues and i don't know the answer,contacts
shutting down the chat bye man,bye
"hey bot, i need some quick advice about good morning to whoever s managing this chat",greeting
i would like to inquire: late registration feee penalty,fees
would you mind telling me when the actual test dates for the midterms will be officially announced because i am confused,exam
could you show the exam lecture hours,exam
change room room,hostel
i am trying to figure out if the weekend extension program follows the exact same semester calendar today,schedule
could you shed some light on where i can view my complete semester timetable online without going to the office,schedule
could you please clarify the specific clearance process i have to follow when moving out of the hostel,hostel
would you mind telling me what i need to do if i urgently want to change my current hostel room because i am confused,hostel
would you mind telling me what the specific date is for the upcoming graduation ceremony event because i am confused,holidays
how exactly do i handle which specific bank account number i should use to transfer my dorm and cafeteria fees,fees
yo timing for will academic record be out,results
quick question: register online portal,registration
im confused about which departments actually offer postgraduate studies or masters degrees,courses
"i'm totally lost, can you explain what the passing mark is for the national exit exam in engineering",exam
i really need to understand what time the afternoon tutorial for applied mathematics usually ends,schedule
i am looking for information on if there is a non-refundable application fee required before submitting my forms,admission
so my question is regarding if the university provides married student housing or couples dormitories,hostel
would you mind telling me the exact cost per credit hour for students enrolled in the evening extension program because i am confused,fees
my friend asked me about what subjects are considered mandatory core modules for my freshman year and i don't know the answer,courses
show me is the next ceremony,holidays
hey steps to to contact it support,contacts
just a quick question: what the strict rules are regarding bringing calculators into the exam hall,exam
"im a freshman and i really need to know thank you so much, you saved me a trip to the admin office",thanks
what is the deal with the physical p.o. box or zip code i should use if i want to mail a document to the admin,contacts
how much is the school fee,fees
thank yuo now,thanks
give me is my timings,schedule
coool thanks today,thanks
how do i get to the finance office,location
change campus housing room,hostel
can you explain when the academic records office will finally release the graduation results for me please,results
would you mind telling me if i can take a minor in business administration alongside my engineering degree because i am confused,courses
hey explain to me about transfer,admission
entrance exam for application,admission
i would like to inquire: list is the test dates,exam
i am trying to figure out whether we get consistent wifi and electricity inside the campus accommodation blocks today,hostel
can i see the academic calendar,schedule
i need details on the easiest way to navigate to the student clinic if i am coming from the dorms as soon as possible,location
what happens to my registration status if i have an overdue penalty payment,fees
"could you please clarify i appreciate the help, see you around campus",bye
"hey there, i am trying to find out what happens if i forget to register before the system closes",registration
would you mind telling me where i can get clearance to finally register for my classes because i am confused,registration
i am oloking for information on where i need to take my bank slip to get financial clearance from the admin,fees
sup show me the contact info,contacts
i'm a bit stuck trying to understand where i can find the academic calendar that outlines all the semester rest days,holidays
give me phd courses are available,courses
where the registrar office is actually located on the main campus,location
does anyone know why my final mark for data structures is showing up as missing on the system,results
"i really need to understand alright that makes sense, i'm gonna log off now",bye
give me days of the week do we have the engineering tutorial,schedule
hey what are is the national exam deadline,exam
could you please clarify where i can securely check my semester grades online through the student portal,results
howdy,greeting
what subjects are available,courses
can you explain when the university officially closes down for the long summer vacation break for me please,holidays
when is will grade be out,results
"could you please clarify got it, i will reach out later if i need more info. bye",bye
im confused about the exact location of the campus cafeteria that serves vegan food,location
ok thanks mate now,thanks
i would like to inquire: i need the curriculum for computer science,courses
"hey there, i am trying to find out you are a lifesaver, thanks bot",thanks
i'm a bit stuck trynig to understand when the university officially closes down for the long summer vacation break,holidays
i have no idea where i can find the timetable for my upcoming continuous assessments and quizzes,exam
how exactly do i handle how the dormitory assignment process actually works for incoming freshmen,hostel
hey where is is the dormitory,hostel
give me inffo on about dorm,hostel
im confused about just popping in to say hi and ask a quick thing,greeting
missing honor roll complaint,results
"i'm a bit stuck trying to understand have a great rest of your day, i am logging out",bye
i would like to inquire: missing cgpa complaint,results
"hey there, i am trying to find out if the librery and cafeterias stay open during the mid semester reading week",holidays
my prof told me to check what happens if i forget to register before the system closes,registration
my friend asked me about when the actual test dates for the midterms will be officially announced and i don't know the answer,exam
i'm a bit stuck trying to understand how i can get a copy of my official transcript for an external internship application,results
end chat,bye
if there is a comprehensive staff directory where i can find my professor's contact info,contacts
pleasse guide me on where i can securely check my semester grades online through the student portal,results
can you explain the difference btween the software engineering and regular comp sci majors for me please,courses
"could you shed some light on brilliant, i appreciate you sorting that out for me",thanks
directions to the digital librray,location
fully funded allowaance,scholarship
could you shed some light on if self sponsored students have a different enrollment process,registration
my prof told me to chekc if someone can give me directions to the university stadium or sports complex,location
could you please tell me transfer student portal for,admission
i would like to inquire: navigate to is the final held,exam
could you inform me how to get financial aid,scholarship
i need details on what original documents i need to physically bring during the new student enrollment as soon as possible,admission
can you explain if we get any days off classes to celebrate national public holidays like eid or christmas for me please,holidays
i need some urgent help with which departments actually offer postgraduate studies or masters degrees,courses
just a quick questionn: the difference between the software engineering and regular computer science majors,courses
quick question: how to to contact president,contacts
where to find a sponsor,scholarship
could you shed some light on the difference between the software engineering and regular comp sci majors,courses
morning bot,greeting
i am trying to figure out how to find the faculty of busines sadministration dean's office today,location
how much is the penalty,fees
terminate dude,bye
thank you,thanks
plz clarify how to get a dormitory,hostel
could you shed some light on where i should go to report a broken window or plumbing issue in my dorm room,hostel
list all programs,courses
please show me the academic calendar for evening shift,schedule
is it true that if the dormitories force students to leave during the long winter break,holidays
quick question: date for is the cost sharing deadline,fees
i am looking for info on if the faculty of arts offers any short term certificate courses,courses
my friend asked me about if the continuous assessment scores are added to the final exam result automatically and i don't know the answer,results
i am looking for information on the exact steps to add or drop a module before the penalty kicks in,registration
how to to contact dean,contacts
abort dude,bye
i'm a bit stuck trying to understand where i go to get clearance before they will han dover my final transcript,results
i need to know the phone number,contacts
i am trying to figure out if non-boarding students are ever allowed to stay in the dorms overnight today,hostel
what are is my honor roll,results
can you direct me to the book store,location
i need details on how i can apply for postgraduate admission if i already have my bachelor's degree as soon as possible,admission
yo what is is the entrance exam criteria for,admission
ive me info on the day off calendar,holidays
when do we close foor closure,holidays
"is it true that okay i am done asking questions, shutting down the chat",bye
end chat today,bye
my prof toldd me to check if the university provides married student housing or couples dormitories,hostel
kindly schedule for do classes start,schedule
"just a quick question: hey guys, hoping someone can answer my questions today",greeting
i am trying to figure out whether there are any special campus events planned for the alumni homecoming weekend today,holidays
could you please tell me where is block 5 situated,location
navigate to is the exam held,exam
kindly transfer student criteria for,admission
i really need to understand when the university officially closes down for the long summer vacation break,holidays
sup weekly timings for freshmen,schedule
im a freshman and i really need to know when the absolute final deadline is for paying this semester's tuition without a penalty,fees
i would like to inquire: enrollment process,registration
hey clarify about placement,admission
let me know about the social sciences degree,courses
sup,greeting
explain to me the event calendar,holidays
please guide me on the difference between the software engineering and regular cs majors,courses
clarify about entrance exam,admission
hey pls explain the fee structure,fees
does anyone know what documents are absolutely required when applying for the campus bursary grant,scholarship
doyou offer bursary,scholarship
"hey there, i am trying to find out hello campus assistant, i need your guidance",greeting
kindly print my honor roll,results
"just a quick question: thanks for your time, i am leaving the session",bye
could you please tell me timing for is the registration schedule,registration
im a freshman and i really need to know what the specific date is for the upcoming graduation ceremony event,holidays
when does the semester end,schedule
i am trying to figure out if the examination period is going to clash with the campus cultural week today,exam
i am trying to figure out what the refund policy is if i decide to drop out halfway through the semester today,fees
date for is the fee waiver deadline,scholarship
awesome bot,thanks
i need details on where i can print out a physical copy of my daily class routine as soon as possible,schedule
"hey there, i am trying to find out the exact deadline to accept or reject my placement before they give my spot away",admission
i have no idea if i can take a minor in business administration alongside my engineering degree,courses
oculd you please tell me leaving the accommodation,hostel
whether there are any special campus events planned for the alumni homecoming weekend,holidays
what is the deal with when the university officially closes down for the long usmmer vacation break,holidays
what subjects can i take the weekend,courses
"yo i want to study engineering, i need are the modules",courses
show me about stipend,scholarship
i'm a bit stuck trying to understand what happens if i forget to register before the system closes,registration
"can someone tell me brilliant, i appreciate you sorting that out for me",thanks
"my friend asked me about wow that was really helpful, thanks a million and i don't know the answer",thanks
i am looking for information on where i can find the academic calendar that outlines all the semester rest days,holidays
what time is does transfer start,admission
sup what are are the scholarship requirements,scholarship
my prof told me to check how course reg works for freshmen coming in this year,registration
im confused about where i can view my complete semester timetable online without going to the office,schedule
does ayone know how much the actual cost sharing fee is for regular undergraduate students,fees
i am looking for info on how to use the student portal to sign up for my electives,registration
"does anyone know i have no more questions right now, so peace out",bye
talk to you later mate,bye
"hey there, i am trying to find out where i go to get clearance before they will hand over my final transcript",results
could you please tell me what classes are offered in engineering,courses
please guide me on what kind of undergraduate degree programs are currently open for new students,courses
so my question is regarding if non-boarding students are ever allowed to stay in the dorms overnight,hostel
please show me how to get financial aid,scholarship
"what is the deal with hello campus assistant, i need your guidance",greeting
alright i am leaving now goodbye assistant,bye
could you please tell me steps to to contact clinic,contacts
can you explain if the library and cafeterias stay open during the mid semester readin gweek for me please,holidays
i am trying to figure out what documents are absolutely required when applying for the campus bursary grant today,scholarship
i'm a bit stuck trying to understand when the absolute final deadline is for paying this semester's tuition without a penalty,fees
great help pls,thanks
can i see is the website for cinic,contacts
do you offre nursing subjects,courses
i would like to inquire: what is the way to to contact admin,contacts
i am looking for info on what the direct phone number is for the main registrar's office,contacts
"im confused about hey guys, hoping someone can answer my questions today",greeting
i have no idea which depts actually offer postgraduate studies or masters degrees,courses
change dormitory room,hostel
sup where to pay extensioon fee,fees
kindly am i admitted,admission
hey {bot} friend,greeting
thanks a llot today,thanks
how exactly do i handle whether there are any special campus events planned for the alumni homecoming weekend,holidays
is thhe exam hard,exam
"could you please clarify have a great rest of your day, i am logging out",bye
could you please clarify if the university provides any sort of monthly stipend or living allowance,scholarship
"greetings, kindly list all vacations",holidays
pls clarify my transfers tatus,admission
when is is the enrollment period,registration
"hey bot, i need some quick advice about if the university admission office accepts late applications under special circumstances",admission
i was wondering if you could help me figure out where i can find the academic calendar that outlines all the semester rest days,holidays
kidly appeal my transcript,results
i need some urgent help with what the specific date is for the upcoming graduation ceremony event,holidays
could you shed some light on the exact location of the campus cafeteria that serves vegan food,location
"i totally understand now, appreciate the detailed response",thanks
check my cgpa,results
i'm a bit stuck trying to understand if master's degree students have a completely different fee structure than undergrads,fees
i'm a bit stuck trying to understand where i can print out a physical copy of my daily cclass routine,schedule
hola friedn,greeting
what is the deal with if the faculty of arts offers any short term certificate courses,courses
my friend asked me about where i can view my complete semester timetable online without going to the office and i don't know the answer,schedule
hi there,greeting
my friend asked me about when the continuous assessment period is supposed to start according to the schedule and i don't know the answer,schedule
i would like to inquire: what are is the clearance deadline,registration
i need to know the day off calendar,holidays
"hey there, i am trying to find out where i can print out a physical copyof my daily class routine",schedule
i have no idea if there is a 24/7 help desk number i can call for urgent it support issues,contacts
hi {bt} mate,greeting
i need details on if the university provides any sort of monthly stipend or livingallowance as soon as possible,scholarship
"hey bot, i need some quick advice about where i should go to report a broken window or plumbing issue in my dorm room",hostel
i would like to inquire: directions to the admin building,location
could you shed some light on how the formal admission process works for students transferring from another university,admission
could you please clarify if i can easily change my assigned department after i gett conditionally admitted,admission
is it true that the rules regarding bringing heavy electrical appliances into the campus housing,hostel
just a quick question: how to use the student portal to sign up for my electives,registration
i need some urgent help with if the faculty of arts offers any short term certificate courses,courses
hola assistant,greeting
quick question: transfer student deadline for,admission
i am looking for info on where i need to take my bank slip to get financial clearance from the admin,fees
summer vaacation dates,holidays
how to find the faculty of business administration dean's office,location
what are is the exam passing mark,exam
please guide me on where i can find the timetable for my upcoming continuous assessments and quizzes,exam
can someone tell me if we get any days off classes to celebrate national public holidays like eid or christmas,holidays
im confused about how a student with a high gpa can actually apply for merit based financial aid,scholarship
can you explain when the post exam break officially starts so i can book my bus ticket home for me please,holidays
can someone tell me if there is a way to do late registration without paying a massive fee,registration
do you offer stipennd,scholarship
hello,greeting
could you shed some light on what the direct phone number is for the main registrar's office,contacts
im confused about if there is any chance to take a make up exam if i get sick during finals week,exam
"i'm totally lost, can you explain how the proctor decides which bed space belongs to which student in a shared room",hostel
could you please clarify if the dormitories force students to leave during the long winter break,holidays
"my friend asked me about okay perfect, thank you for taking the time to explain and i don't know the answer",thanks
tnx,thanks
i'm a bit stuck trying to understand if we actually have any classes schedueld during the upcoming holiday week,schedule
i really need to understand the specific clearance process i have to follow when moving out of the hostel,hostel
my friend asked me about where i should go to report a broken window or plumbing issue in my dorm room and i don't know the answer,hostel
give me the date of is the cost sharing deadline,fees
can you explain how i can find the official email address for the head of the cs department for me please,contacts
entrance exam for entrance exam,admission
could you i want to know the timings for tomorrow,schedule
"would you mind telling me have a great rest of your day, i am logging out because i am confused",bye
please give me the email,contacts
"my friend asked me about that is exactly what i was looking for, much obliged and i don't know the answer",thanks
"i am looking for info on okay i am done asking questions, shutting down the chat",bye
give me the date of is the erollment late fee,registration
kindly how much is the tuition,fees
could you shed some light on where i can print out a physical copy of my daily class routine,schedule
i am trying to figure out where i can get clearance to finally register for my classes today,registration
is it true that if female students have access to any exclusive financial support programs,scholarship
inform me about fee waiver,scholarship
what time the computer architecture test starts tomorrow morning,exam
hwat is the way to to rules for accommodation,hostel
process for to assignment for campus housing,hostel
could you shed some light on where i go to get clearance before they will hand over my final transcript,results
location of the admin building,location
what is the deal with how the comprehensive exam is structured for graduating seniors,exam
let me know how to get a hostel,hostel
can you explain what a failing f grade does to my overall academic standing and honor roll chances for me please,results
i need some urgent help with how to apply for a student loan to cover the heavy tuition costs,scholarship
could you please tell me clarify about student residence,hostel
give me info on the courses for pharmacy,courses
yo what is is the comprehensive exam deadline,exam
how can i to contact campus police,contacts
i am looking for info on how i can apply for postgraduate admission if i already have my bachelor's degree,admission
peace,bye
how exactly do i handle if i can easily change my assigned department after i get conditionally admitted,admission
what i should do because i completely missed the late reg deadline,registration
please guide me on if the final exams are going to be open book or strictly closed book this time,exam
good evening dude,greeting
"greetings, what is the passing gpa",results
explain the fee structure,fees
i am looking for info on what kind of undergraduate degree programs are currently open for new students,courses
ciao,bye
explain to me about bursary,scholarship
bank account for peanlty,fees
hey is there class tomorrow,holidays
i need some urgent help with where i shouldg o to report a broken window or plumbing issue in my dorm room,hostel
give me info on about sign up,registration
yoo yo today,greeting
quick question: what isi s the student residence fee,hostel
do you happen to know when the academic records office will finally release the graduation results,results
plz explain to me the academic calendar for for seniors,schedule
i need help {please},greeting
"can you explain i totally understand now, appreciate the detailed response for me please",thanks
could you please tell me give me the date of is the dorm fee deadline,fees
i would like to inquire: could you i need to know how to get a room,hostel
tnx dude,thanks
can you dirrect me to is my lecture hours,schedule
late penalty penalty,fees
what time isis the midterm,exam
what are is the comprehensive exam results,exam
well see you bt,bye
"hey there, i am trying to find out okay i am done asking questions, shutting down the chat",bye
wonderful,thanks
awesome,thanks
how exactly do i handle how much the annual fee is for staying in the official student residenec,hostel
"hey bot, i need some quick advice about how to reach out directly to the president's office for a formal academic inquiry",contacts
hey pls inform me the timetable for this year,schedule
hey what time is does entrance exam satrt,admission
could you please tell me is tomorrow a closure,holidays
"hey there, i am trynig to find out what the strict rules are regarding bringing calculators into the exam hall",exam
i need some urgent help with if the university admission office accepts late applications under special circumstances,admission
steps to to process of entrance exam,admission
i need is the telegram channel for president,contacts
quick question: hwat is the way to to do enrollment,registration
i really need to understand if it is possible to pay the heavy school fees in smaller monthly installments,fees
how exactly do i handle where i need to take my bank slip to get financial clearance from the admin,fees
can i see is the penalty,fees
would you mind telling me how to apply for a student loan to cover the heavy tuition costs because i am confused,scholarship
can i see is the next cceremony,holidays
hey official website,contacts
i need some urgent help with where the digital librery is situated compared to the regular book store,location
tellm e the contact info,contacts
i need details on the difference between the software engineering and regular comp sci majors as soon as possible,courses
could you shed some light on if the university admission office accepts late applications under special circumstances,admission
i was wondering if you could help me figure out when the academic records office will finally release the graduation results,results
i'm a bit stuck trying to understand what the routine looks like for the annual university sports week and cultural day,holidays
hwich building is the stadium in,location
could you please clarify what the cut off mark or passing point is for the national entrance exam this year,admission
"greetings, inform me about sign up",registration
my prof told me to check what documents are absolutely required when applying for the campus bursary grant,scholarship
so my question is regarding how i can find the official email address for the head of the comp sci dept,contacts
he ybot,greeting
could you please clarify if there is a way ot do late registration without paying a massive fee,registration
hey when do we close for lcosure,holidays
you are the best,thanks
appal my honor roll,results
"greetings, guide me to to d registration",registration
pls list all majors,courses
show me is the next break,holidays
kindly list is the next holiday,holidays
hey fully ffunded bursary,scholarship
"im a freshman and i really need to know hey bot, hope you're having a good day",greeting
fully fundedd scholarship,scholarship
can you explain how i can fix my scheduel if the reg portal is showing an error for me please,registration
i am looking for info on if the librery and cafeterias stay open during the mid semester reading week,holidays
"greetings, where are the offices",location
showw me is the registration deadline for,admission
could you shed some light on how course reg works for freshmen coming in this year,registration
kindly can you direct me to is the exam held,exam
kindly process for to contact university,contacts
list is the phone number for dean,contacts
do you happen to know what kind of undergraduate degree programs are currently open for new students,courses
can you explain if there are any makeup classes planned for the lectures we missed last monday for me please,schedule
the exact location of the campus cafeteria that serves vegan food,location
i'm a bit stuck trying to understand what time the afternoon tutorial for applied mathematics usually ends,schedule
sup explain to me about application,admission
my prof told me to check what time the afternoon tutorial for applied mathematics usually ends,schedule
yo list is the registration fee,fees
i would like to inquire: explain to me the exit exam dates,exam
could you shed some light on what the syllabus looks like for the introduction to economics class,courses
yo finals class times,exam
"i'm totally lost, can you explain thanks for your time, i am leaving the session",bye
well ok thanks friend,thanks
i am looking for info on the process for filing a formal grade appeal if i think my professor made a mistake,results
quick question: date for is the grant deadline,scholarship
quick question: let me know the comprehensive exam dates,exam
quick question: what are days of the week do we have the law tutorial,schedule
i have no idea where i can view my complete semester timetable online without going to the office,schedule
my friend asked me about how course reg works for freshmen coming in this year and i don't know the answer,registration
i would like to inquire: plz let me know how to get a dorm,hostel
i need details on where the digital library is situated compared to the regular book store as soon as possible,location
"can you explain okay perfect, thank you for taking the time to explain for me please",thanks
im confused about where the digital librery is situated compared to the regular book store,location
show me is my mark,results
hey adios pls,bye
could you please tell me when does the semester end,schedule
could you shed some light on the process for filing a formal grade appeal if i think my prof made a mistake,results
"hey there, i am trying to find out where i log in to check my official admission status or moe placement result",admission
navigate to is the final held,exam
please guideme on if online enrollment is still open for us this semester,registration
yo i need is the entrance exam requirements for,admission
hey inform me the class times for for seniors,schedule
what the syllabus looks like for the introduction to economics class,courses
im a freshman and i really need to know if there is any chance to take a mak eup exam if i get sick during finals week,exam
could you shed some light on when the continuous assessment period is supposed to start according to the schedule,schedule
how exactly do i handle greetings from a confused first year student,greeting
"hey bot, i need some quick advice about good morning to whoever is managing this chat",greeting
i need is the placement letter for,admission
inform me the break calendar,holidays
inform me about student loan,scholarship
hi theree bot,greeting
kindly i need is my routine,schedule
hey fully funded sitpend,scholarship
guide me to to criteria for fee waiver,scholarship
the exact deadline to accept or reject my placement before they give my spot away,admission
what modules can i take this semester,courses
yog ive me info on about dormitory,hostel
i was wondering if you could help me figure out why my final mark for data structures is showing up as missing on the system,results
yo is there a dormitory,hostel
appreciate it,thanks
just a quick question: the process for filing a formal grade appeal if i think my professor made a mistake,results
tell me the contac info,contacts
i would like to inquire: could you give me the customer service,contacts
i need some urgent help with where i can find a legitimate sponsor to help cover my cost sharing expenses,scholarship
"i was wondering if you could help me figrue out got it, i will reach out later if i need more info. bye",bye
could you shed some light on how i can generate a digital payment receipt after paying via cbe birr or telebirr,fees
hey iam lost can you help man,greeting
finals lecture hours,exam
im a freshman and i really need to know what the strict eligibility criteria are for the need based scholarship program,scholarship
do you happen to know which departments actually offer postgraduate studiess or masters degrees,courses
how cani to deadline for transfer,admission
i need the exit exam routine,exam
please i need to know my transfer status,admission
when the continuous assessment period is supposed to start according to the schedule,schedule
weekly timetable for freshmen,schedule
can you help me find the digital library,location
what the cut off mark or passing point is for the national entrance exam this year,admission
could you shed some light on why i keep getting lost trying to find the computer lab in block 5,location
yo i need my official transcript,results
is the campus nearby,location
i was wondering if you could help me figure out when my software engineering lecture is supposed to happen tomorrow,schedule
please guide me on what the direct phone number is for the main registrar's office,contacts
my friend asked me about why i keep getting lost trying to find the computer lab in block 5 and i don't know the answer,location
what is the deal with when the continuous assessment period is supposed to start according to the routine,schedule
what is the passin ggpa,results
so my question is regarding how i can find the official email address for the head of the cs department,contacts
sup show me the phone number,contacts
please explain to me my transfre status,admission
im done,bye
timing for will student copy be out,results
my friend asked me about what documents are absolutely required when applying for the campus bursary grant and i don't know the answer,scholarship
thank you for the information,thanks
"hey there, i am trying to find out what happens to my reg status if i have an overdue penalty payment",fees
i am looking for info on if the university offers any fully funded sponsorship opportunities for international students,scholarship
my friend asked me about the physical p.o. box or zip code i should use if i want to mail a document to the admin and i don't nkow the answer,contacts
i need details on the process for filing a formal grade appeal if i think my professor made a mistake as soon as possible,results
where is the portal for student copy,results
i have no idea just popping in to say hi and ask a quick thing,greeting
could you please tell me check my score,results
"greetings, class timings plz",schedule
im confused about how to find the faculty of business administration dean's office,location
mmy friend asked me about what i should do because i completely missed the late reg deadline and i don't know the answer,registration
hey register online portal,registration
can someone tell me how i can request a student copy of my transcript for personal use,results
explain to me the help desk,contacts
can you explain if there is a non-refundable application fee required before submitting my forms for me please,admission
"i'm totally lost, can you explain if we get any days off classes to celebrate national public holidays like eid or christmas",holidays
my prof told me to check if female students have access to any exclusive financial support programs,scholarship
when do we close for ceremony,holidays
schedule for is the cost sharing deadline,fees
"hey bot, i need some quick advice about if the weekend extension program follows the exact same semester calendar",schedule
"hey bot, i need some quick advice about where i can get clearance to finally register for my classes",registration
"hey bot, i need some quick advice about where i can print out a physical copy of mmy daily class routine",schedule
"i have no idea that is exactly what i was looking for, much obliged",thanks
i need details on if there is any chance to take a make up exam if i get sick during finals week as soon as possible,exam
"can you explain okay i am done asking questions, shutting down the chat for me please",bye
"could you shed some light on i appreciate the help, see you around campus",bye
i'm a bit stuck trying to understand why i keep getting lost trying to find the computer lab in block 5,location
my prof told me to check how the dormitory assignment process actually works for incoming freshmen,hostel
"i'm totally lost, can you explain if the weekend extension program follows the exact same semester calendar",schedule
can you explain where i can get clearance to finally register for my classes for me please,registration
i need some urgent help with if we get any days off classes to celebrate national public holidays like eid or christmas,holidays
can you explain if i can easily change my assigned department after i get conditionally admitted for me please,admission
"what is the deal with brilliant, i appreciate you sorting that out for me",thanks
howw exactly do i handle the rules regarding bringing heavy electrical appliances into the campus housing,hostel
could you please tell me what is is the exit exam schedule,exam
can you explain what the exact dates are for the academic calendar this year for me please,schedule
what is the deal with when the academic records office will finally release the graduation results,results
hey campus map please,location
would you mind telling me if there is any chance to take a make up exam if i get sick during finals week because i am confused,exam
is this the student information bot now,greeting
can you explain if we actually have any classes schedueld during the upcoming holiday week for me please,schedule
timing for will academci record be out,results
i am trying to figure out where i should go to report a broken window or plumbing issue in my dorm room today,hostel
i am looking for the stadium,location
could you please clarify how much the annual fee is for staying in the official student residence,hostel
"could you shed some light on i totally understand now, appreciate the detailed response",thanks
i really need to understand which depts actualyl offer postgraduate studies or masters degrees,courses
can someone tell me when my software engineering lecture is supposed to happen tomorrow,schedule
i have no idea when the academic records office will finally release the graduation results,results
could you please clarify if the librery and cafeterias stay open during the mid semester reading week,holidays
"so my question is regadring i have no more questions right now, so peace out",bye
kindly what are is the quiz passing mark,exam
my prof told me to check what the strict rules are regarding bringing calculators into the exam hall,exam
list is the school fee,fees
"is it true that that's all i needed to know, goodbye for now",bye
hola pls,greeting
thanks mate now,thanks
list is the hostel fee,hostel
"greetings, where is the portal for score",results
i would like to inquire: support email,contacts
could you shed some light on how a student with a high gpa can actually apply for merit based financial aid,scholarship
"im confused about thank you so much, you saved me a trip to the admin office",thanks
se ya,bye
"i'm totally lost, can you explain if non-boarding students are ever allowed to stay in the dorms overnight",hostel
would you mind telling me when the academic records office will finally release the graduation results becausei am confused,results
can you explain if the university offers any fully funded sponsorship opportunities for international students for me please,scholarship
my prof told me to check what a letter of acceptance looks like and when i should expect to receive it,admission
please clarify how to get allowance,scholarship
i need details on how many credit hours i need to take to graduate from the pharmacy program as soon as possible,courses
my prof told me to check what subjects are considered mandatory core modules for my freshman year,courses
could you shed some light on what documents are absolutely required when applying for the campus bursary grant,scholarship
"hey bot, i need some quick advice about how the proctor decides which bed space belongs to which student in a shared room",hostel
could you shed some light on what i need to do if i urgently want to change my current hosetl room,hostel
hey financial support for students,scholarship
"could you shed some light on that perfectly annswered my question, cheers",thanks
what is the deal with when the university officially closes down for the long summe vacation break,holidays
give me the physical address of the nursing department,location
hey kindly list all majors,courses
just a quick question: if there is any chance to take a make up exam if i get sick during finals week,exam
show me is the next event,holidays
i am looking for information on the process for filing a formal grade appeal if i think my professor made a mistake,results
let me know my mark,results
could you please tell me dorm assignment,hostel
can someone tell me the exact cost per credit hour for students enrolled in the evening extension program,fees
yo how much is the registration fee,fees
i would like to inquire: where is block 5 situated,location
kindly when do we close for holiday,holidays
"hello, i am a new student and i need some assistance",greeting
i have no idea if there is a comprehensive staff directory where i can find my prof's contact info,contacts
explain to me my transcript,results
leaving the hostel,hostel
late registration,registration
sup missing cgpa,results
"hey there, i am trying to find out how to use the student portal to sign up for my electives",registration
finals timings,exam
howdy assistant,greeting
please guide me on what the specific date is for the upcoming graduation ceremony event,holidays
i would like to inquire: weekly timings for freshmen,schedule
pls clarify how to get sponsor,scholarship
i would lkie to inquire: please i want to know my registration status,admission
please guide me on if the university provides any sort of monthly stipend or living allowance,scholarship
do you happen to know why my final mark for data structures is showing up as missing on the system,results
is this the student informattion bot assistant,greeting
i need details on where the registrar office is actually located on the main campus as soon as possible,location
so my question is regarding what the exact dates are for the academic calendar this year,schedule
kindly what are is the fina ltimetable,exam
just a quick question: when the post exam break officially starts so i can book my bus ticket home,holidays
just a quick question: where i can find a legitimate sponsor to help cover my cost sharing expenses,scholarship
yo show me is the hostel fee,hostel
good job friend,thanks
i would like to inquire: what time is will honor roll be out,results
is therea ny fund,scholarship
i need details on when the post exam break officially starts so i can book my bus ticket home as soon as possible,holidays
supportemail,contacts
my friend asked me about how i am supposed to get to the engineering building from the main library and i don't know the answer,location
hey i need the curriculum for mechanical engineering,courses
does anyone know where i can find the timetable for my upcoming conntinuous assessments and quizzes,exam
my friend asked me about if i can easily change my assigned dept after i get conditionally admitted and i don't know the answer,admission
can i see the modules catalog,courses
is it true that if the university provides any sort of monthly stipend or living allowance,scholarship
i would like to inquire: official website,contacts
process for to letter for entrance exam,admission
i really need to understand how i can apply for poostgraduate admission if i already have my bachelor's degree,admission
how t join the university,admission
my friend asked me about if the examination period is going too clash with the campus cultural week and i don't know the answer,exam
what is is the clearance deadline,registration
i was wondering if you could help me figure out what documents are absolutely required when applying for the campus bursary grant,scholarship
"can you explain i am so glad i asked, thanks for the guidance for me please",thanks
my prof told me to check what the direct phone number is for the main registrar's office,contacts
sup missing honor roll complaint,results
i appreciate your help dude,thanks
my prof told me to check if there is a non-refundable application fee required before submitting my forms,admission
is the national exam hard,exam
just a quick question: good morning to whoever is managing this chat,greeting
"hey there, i am trying to find out how i can find the official email address for the head of the comp sci department",contacts
pls i want to know how to get scholarship,scholarship
"i'm a bit stuck trying to understand hello campus assistant, i need your guidance",greeting
leaving the campus houusing,hostel
good night dude,bye
adiosfriend,bye
yo i am looking for the toilet,location
list is my schedule,schedule
can you explain what i should do because i completely missed the late reg deadline for me please,registration
my friend asked me about the exact cost per credit hour for students enrolled in the evening extension program and i don't know the answer,fees
i'm a bit stuck trying to understand where i can print out a physical copy of my daily class routine,schedule
sup where to find the contact info,contacts
i have no idea what the schedule looks like for the annual university sports week and cultural day,holidays
i need details on when the absolute final deadline is for paying this semester's tuition without a penalty as soon as possible,fees
i have no idea where i can get clearance to finally register for my classes,registration
how to navigate to laboratory,location
yo what are is the next holiday,holidays
im confused about what kind of undergraduate degree programs are currently open for new students,courses
well evening friend,greeting
does anyone know the exact deadline to accept or reject my placement before they give my spot way,admission
could you please tell me list all breaks,holidays
would you mindtelling me the exact steps to add or drop a module before the penalty kicks in because i am confused,registration
"can you explain awesome, thanks for the clariification on that for me please",thanks
could you please tell me late cafeteria fee penalty,fees
what is the deal with when the absolute final deadline is for paying this semester's tuition without a penalty,fees
kindly please give me the telegram channel,contacts
does anyone know if we actually have any classes scchedueld during the upcoming holiday week,schedule
what time is does application start,admission
plz list all degrees,courses
how to get y grade,results
oficial website,contacts
"i was wondering if you could help me figure out hey bot, hope you're having a good day",greeting
"kindly i want to study mechanical engineering, show me are the modules",courses
i have no idea what happens to my reg status if i have an overdue penalty payment,fees
my prof told me to check the exact location of the campus cafeteria that serves vegan food,location
i am trying to figure out how i am supposed to get to the engineering building from the main library today,location
"i am looking for information on hello, i am a new student and i need some assistance",greeting
deadline for the dorm fee,fees
i would like to inquire: location of is the bed space,hostel
"hey there, i am trying to find out where the registrar office is actually located on the main campus",location
i am looking for information on when the continuous assessment period is supposed to start according to the routine,schedule
quick question: what subjects are available,courses
"greetings, in eed the shift for diploma program",schedule
could you shed some light on how much the annual fee is for staying in the official student residence,hostel
do you happen to know how much the annual fee is for staying in the official studennt residence,hostel
"greeetings, entrance exam for placement",admission
i am looking for info on if self sposnored students have a different enrollment process,registration
could you shed some light on if we get any days off classes to celebrate national public holidays like eid or christmas,holidays
"i am trying to figure out where tthe university posts its official announcements, like a telegram channel or facebook page today",contacts
if there is any chance to take a make up exam if i get sick during finals week,exam
timing for is the fund deadline,scholarship
yo how to join the university,admission
i would like to inquire: what is are the bursary requirements,scholarship
i really need to understand where i should go to report a broken window or plumbing issue in my dorm room,hostel
yo kindly give me info on my admission status,admission
i was wondering if you could help me figure out how to find the faculty of business administration dean's office,location
i want to know about clearance,registration
how to get my student copy,results
so my question is regarding if the continuous assessment scores are added to the final exam result automatically,results
would you mind telling me what i should do because i completely missed the late reg deadline because i am confused,registration
"greetings, email address for registrar",contacts
quick question: i need to know about room,hostel
i need details on how i can fix my scheduel if the reg portal is showing an error as soon as possible,registration
list is the next holiday,holidays
if the examination period is going to clash with the campus cultural week,exam
my prof told me to check where i can find the timetable for my upcoming continuous assessments and quizzes,exam
print my student copy,results
cool thanks boot,thanks
inform me about the social sciences degree,courses
give me info on the final dates,exam
im confused about what the strict eligibility criteria are for the need based scholarship program,scholarship
"hey bot, i need some quick advice about how i can find the official email address for the head of the comp sci dept",contacts
quick question: where to pay registration fee,fees
quick question: give me info on about financial aid,scholarship
hey hi {bot} man,greeting
transfer student portal for,admission
i was wondering if you could help me figure out what the strict rules are regarding bringing calculators into the exam hall,exam
receipt for the registration fee,fees
kindly what subjects are available,courses
could you please tell me give me is the next event,holidays
"could you please clarify alright that makes sense, i'm gonna log off now",bye
i am trying to figure out when the actual test dates for the midterms will be officially announced today,exam
i m trying to figure out what the strict rules are regarding bringing calculators into the exam hall today,exam
my friend asked me about where the heck the freshman orientation is being held today and i don't know the answer,location
thanks mate,thanks
can you explain if the university provides any sort of monthly stipend o living allowance for me please,scholarship
i'm a bit stuck trying to understand the exact location of the campus cafeteria that serves vegan food,location
selam pls,greeting
my friend asked me about when the academic records office will finally release the graduation results and i don't know the answer,results
hey please tell me the calendar for today,schedule
could you shed some light on what time the afternoon tutorial for applied mathematics usually ends,schedule
tell me how to get a bed space,hostel
i'm a bit stuck trying to understand if the final exams are going to be open book or strictly closed book this time,exam
quick qestion: i need is the dorm fee,fees
i need details on greetings from a confused first year student as soon as possible,greeting
my friend asked me about where i can find the timetable for my upcoming continuous assessments and quizzes and i don't know the answer,exam
kindly when do we close for day off,holidays
could you please tell me what is is the dorm fee,fees
no more questions for now bye now,bye
can i see theacademic timetable,schedule
kindly list all rest days,holidays
ok awesome assistant,thanks
i am trying to figure out what the exact formula is to correctly calculate my cumulative gpa today,results
i need to know my grade,results
can you explain what the syllabus looks like for the introduction to economics class for me please,courses
late registration fee penalty,fees
please guide me on how i am supposed to get to the engineering building from the main library,location
kindly can i see is the next break,holidays
i would like to inquire: where is the portal for gpa,results
yo i need to know about transfer,admission
"hey there, i am trying to find out where i can securely check my semester grades online through the student portal",results
"would you mind telling me hello campus assistant, i need your guidance because i am confused",greeting
so my question is regarding if there is a non-refundable application fee required before submitting my forms,admission
what classes are offered in architecture,courses
leavving the student residence,hostel
"im confused about that is exactly what i was looking for, much obliged",thanks
i would like to inquire: how can i to apply for financial aid,scholarship
show me the exam dates,exam
i'm a bit stuck trying to understand how the dormitory assignment process actually works for incoming freshmen,hostel
kindly missing student copy coplaint,results
i am looking for information on whether we get consistent wifi and electricity inside the campus accommodation blocks,hostel
yo i have too go now bye,bye
so my question is regarding where the digital library is situated compared to the regular book store,location
well adios bot,bye
just a quick question: whether there are any special campus events planned for the alumni homecoming weekend,holidays
i have no idea how the proctor decides which bed space belongs to which student in a shared room,hostel
hey clarify the cceremony calendar,holidays
my prof told me to check how a student with a high gpa can actually apply for merit based financial aid,scholarship
i am trying to figure out the exact cost per credit hour for students enrolled in the evening extension program today,fees
"hey there, i am trying to find out if the examination period is going to clash with the campus cultural week",exam
kindly where to locate the cafeteria,location
fuully funded fund,scholarship
kindly print my result,results
i would like to inquire: plz tell me where is the digital library is,location
kindly do you offer scholarship,scholarship
my prof told me to check if we actuallly have any classes schedueld during the upcoming holiday week,schedule
tell me about registration,admission
hey plz clarify how to get a dormitory,hostel
kindly is the test hard,exam
sup fully funded grant,scholarship
i'm a bit stuck trying to understand what documents are absolutely required when applying for the campus ursary grant,scholarship
"i need details on where the university posts its official announcements, like a telegram channel or facebook page as soon as possible",contacts
give me info on about sponsor,scholarship
"hey there, i am trying to find out how the dormitory assignment process actually works for incoming freshmen",hostel
could you shed some light on how the comprehensive exam is structured for graduating seniors,exam
i have no idea if someone can give me directions to the university stadium or sports complex,location
where to see my gpa,results
i'm a bit stuck trying to understand what the exact dates are for the academic calendar this year,schedule
how exactly do i handle where i can find the timetable for my upcoming continuous assessments and quizzes,exam
"i'm totally lost, can you explain thank you so much, you saved me a trip to the admin office",thanks
that's all today,bye
"my friend asked me about i appreciate the help, see you around campus and i don't know the answer",bye
cheers friend,thanks
im confused aboout what original documents i need to physically bring during the new student enrollment,admission
i have no idea whether we get consistent wifi and electricity inside the campus accommodation blocks,hostel
where the digital library is situated compared to the regular book store,location
quick question: tell me the vacation calendar,holidays
i am trying to figure out where i go to get clearance before they will hand over my final transcript today,results
what the schedule looks like for the annual university sports week and cultural day,holidays
do you happen to know what the strict eligibility criteria are for the need based scholarship program,scholarship
university closure for semester vacation,holidays
i need some urgen help with what documents are absolutely required when applying for the campus bursary grant,scholarship
i need details on if the university offers any fully funded sponsorship opportunities for international students as soon as possible,scholarship
i would like to inquire: can you direct me to is the dorm,hostel
hey give me the date of is the clearance process,registration
"greetings, kindly tell me how to get a hostel",hostel
i need the make up exam shift,exam
cheers assistant,thanks
hey i am lost can you help mate,greeting
"can you explain that is exactly what i was looking for, much obliged for me please",thanks
schedule for is the grant deadline,scholarship
if the final exams are going to be open book or strictly closed book this time,exam
yo i need to know the office contact,contacts
location of is the dorm,hostel
list all holidays,holidays
"greetinggs, what are is the quiz results",exam
"hey bot, i need some quick advice about if someone can give me directions to the university stadium or sports complex",location
can someone tell me where i should go to report a broken window or plumbing issue in my dorm room,hostel
cheers pls,thanks
i would like to inquire: explain to me how do i get to the cafeteria is,location
informm me about clearance,registration
i really need to understand how i can apply for postgraduate admission if i already have my bachelor's degree,admission
what is the deal with how i am supposed to get to the engineering building from the main library,location
i would like to inquire: when does the semester end,schedule
my friend asked me about the rules regarding bringing heavy electrical appliances into the campus housing and i don't know the answer,hostel
morning,greeting
i would like to inquire: financial support for students,scholarship
what i need to do if i urgently want to change my current hostel room,hostel
date for is the fund deadline,scholarship
show me m yscore,results
hey hi bot,greeting
nice one bot,thanks
could you shed some light on how i can fix my routine if the reg portal is showing an error,registration
which building is the finance office in,location
i am trying to figure out how i can get a copy of my official transcript for an extenral internship application today,results
just a quick question: the exact steps to add or drop a module before the penalty kicks in,registration
what are is my honorroll,results
is it true that what i should do because i completely missed the late reg deadline,registration
what is the deal with when the university officially closes down for the long summer vacation break,holidays
just a quick question: where i can find the academic calendar that outlines all the semester rest days,holidays
when is is the financial aid deadline,scholarship
is it true that the exact deadline for submitting the application forms for the dean's list award,scholarship
appeal my gpa,results
give me info on about registration,registration
what is is the contact info for it support,contacts
campus map pls,location
well catch you later dude,bye
so my question is regarding what the passing mark is for the national exit exam in engineering,exam
could you please tell me call the department head,contacts
do you happen to know how i can apply for postgraduate admission if i already have my bachelor's degree,admission
"greetings, i am looking for the main gate",location
"i'm a bit stuck trying to understand thanks for the chat, i have to run to my next class",bye
very helpful today,thanks
i'm a bit stuck trying to understand how the comprehensive exam is structured for graduating seniors,exam
kindyl weekend break,holidays
plz clarify where can i findt he clinic is,location
"hey bot, i need some quick advice about the easiest way to navigate to the student clinic if i am coming from the dorms",location
"greetings, clarify my academic record",results
explain to me about financial aid,scholarship
do you happen to know if the university admission office accepts late applications under special circumstances,admission
what is the deal with if we actually have any classes schedueld during the upcoming holiday week,schedule
"can you explain thanks for your time, i am leaving the session for me please",bye
i want to know about entrance exam,admission
kindly leaving the bed space,hostel
finals academic calendar,exam
i'm a bit stuck trying to understand what time the computer architecture test starts tomorrow morning,exam
would you mind telling me what the passing mark is for the national exit exam in engineering because i am confused,exam
can you explain good morning to whoever is managiing this chat for me please,greeting
would you mind telling me if the cs dept has any artificial intelligence electives this term because i am confused,courses
"i'm totally lost, can you explain that perfectly answered my question, cheers",thanks
yo no more questions for now bye bot,bye
i'm a bit stuck trying to understand if i can take a minor in business administration alongside my engineering degree,courses
would you mind telling me what kind of undergraduate degree programs are currently open for new students because i am confused,courses
i have no idea what time the commputer architecture test starts tomorrow morning,exam
"my friend asked me about hey, i could really use some help navigating the university stuff and i don't know the answer",greeting
good night assistant,bye
inform me the customer service,contacts
i need the final schedule,exam
show me navigat eto the main gate is,location
can we chat {please} mate,greeting
hey appreciate it pls,thanks
kindly campus map kindly,location
quick question: how can i to apply for admission,admission
what time is the national exam,exam
can you explain the easiest way to navigate to the student clinic if i am coming from the dorms for me please,location
kindly pls list all classes,courses
yo give me is my score,results
please guide me on if female students have access to any exclusive financial suppotr programs,scholarship
steps to to contact department head,contacts
i'm a bit stuck trying to understand where i go to get clearance before they will hand over my final transcript,results
ok many thanks,thanks
can you explain what documents are absolutely required when applying for the campus bursary grant for me please,scholarship
does anyone know why i keep getting lost trying to find the computer lab in block 5,location
can i see the academiic timetable,schedule
pls tell me my enrollment status,admission
quick question: call the university,contacts
give me is the sign up deadline,registration
many thanks,thanks
sup late cafeteria fee penalty,fees
i'm a bit stuck trying to understand the process for filing a formal grade appeal if i think my professor made a mistake,results
you are th best mate,thanks
i was wondering if you could help me figure out how i can get a copy of my official transcript for an external internship application,results
does anyone know if there is a 24/7 help desk number i can call for urgent it support issues,contacts
close,bye
do you happen to know what the refund policy is if i decide to drop out halfway through the semester,fees
can you explain the exact location of the campus cafeteria that serves vegan food for me please,location
release date of mark,results
i was wondering if you could help me figure out what happens to my registration status if i have an overdue penalty payment,fees
do you offer stipend,scholarship
quick question: could you clarify can you direct me to the finance office is,location
"do you happen to know hey guys, hoping someone can answer my questions today",greeting
how can i to change student residence,hostel
"do you happen to know that is exactly what i was looking for, much obliged",thanks
"would you mind telling me heyguys, hoping someone can answer my questions today because i am confused",greeting
where can i find the cafeteria,location
"is it true that hi there, are you available to chat for a minute",greeting
so my question is regarding how i can get a copy of my official transcript for an external internship application,results
i need details on where i log in to check my official admission status or moe placement result as soon as possible,admission
i am looking for info on if the university admission office accepts late applications under special circumstances,admission
close mate,bye
leave,bye
how exactly do ii handle the easiest way to navigate to the student clinic if i am coming from the dorms,location
catch you later assistant,bye
could you show the assessment timings,exam
my friend asked me about if the university provides married student housing or couples dormitories and i dont' know the answer,hostel
"can you explan thanks for the chat, i have to run to my next class for me please",bye
i need is my grade,results
i am trying to figure out how to find the faculty of business administration dean's office today,location
where to find asponsor,scholarship
kindly show the final calendar,exam
what the exact dates are for the academic calendar this year,schedule
hola,greeting
"my friend asked me about where the university posts its official announcements, like a telegram channel or facebook page and i don'tknow the answer",contacts
how exactly do i handle if the university provides married student housing or couples dormitories,hostel
hello virtual assistant,greeting
what are disciplines are available in the law college,courses
i need details on how to reach out directly to the president's office for a formal academic inquiy as soon as possible,contacts
i'm a bit stuck trying to understand how i am supposed to get to the engineering building from the main library,location
"greetings, i need the curriculum for business",courses
deadline for the cafeteria fee,fees
"could you please clarify hello, i am a new student and i need some assistance",greeting
i was wondering if you could help me ffigure out which depts actually offer postgraduate studies or masters degrees,courses
do you happen to know where i can print out a physical copy of my daily class routine,schedule
kindly what classes are offered in social sciences,courses
i am looking for information on if there are any makeup classes planned for the lectures we missed last monday,schedule
can you explain if the weekend extension program follows the exact same semestre calendar for me please,schedule
if the weekend extension program follows the exact same semester calendar,schedule
show me is the midterm location,exam
what time is will transcript be out,results
pls explain the fee structure,fees
how to get my academic record,results
"greetings, university closure for national holiday",holidays
tell me the modules for arts,courses
hey can i see the courses catalog,courses
hey late registration,registration
my friend asked me about what the exact dates are for the academic calendar this year and i don't know the answer,schedule
"greetings, please inform me how to get fee waiver",scholarship
show me are the bursary requirements,scholarship
i'm a bit stuck trying to understand the process for filing a formal grade appeal if i think my prof made a mistake,results
i need details on if the university provides married student housing or couples dormitories as soon as possible,hostel
have a nice day now,bye
where i can print out a physical copy of my daily class routine,schedule
pls i want to know how to get a bed space,hostel
i nede to know the semester fee,fees
a mi registered,registration
please print my transcript,results
i would like to inquire: freshman registration,registration
good afternoon man,greeting
would you mind telling me just popping in to say hi and ask a quick thing because i am confused,greeting
thank you very much pls,thanks
please guide me on which building houses the finance office so i can pay my tuition,location
does anyone know when the actual test dates for the midterms will be officially announced,exam
let me know the office contact,contacts
i would like to inquire: timing for will student copy beo ut,results
is tomorrow a ay off,holidays
"i have no idea thanks for the chat, i have to run to my next class",bye
i need details on if the final exams are going to be open book or strictly closed book this time as soon as possible,exam
i'm a bit stuck trying to understand if the examination period is going to clash with the campus cultural week,exam
is th emidterm hard,exam
kindly list all programs,courses
hey {bot} dude,greeting
how exactly do i handle if the dormitories force students to leave during the long winter break,holidays
do you happen to know if the cs department has any artificial intelligence electives this term,courses
my prof told me to check whether there are any special campus events plnned for the alumni homecoming weekend,holidays
give me is the studentresidence fee,hostel
support email,contacts
bye,bye
please guide me on how the comprehensive exam is structured for graduating seniors,exam
kindly show me how to get a dormitory,hostel
is there a dorm,hostel
show me is the extension fee,fees
explain to me the extensio nfee,fees
thanks for your time mate,thanks
fully funded brusary,scholarship
would you mind telling me what the passing mark is for the national exit exam in engineeering because i am confused,exam
i want to know where to register,registration
sup what is the passing gpa,results
"i am trying to figure out hey bot, hope you're having a good day today",greeting
university closure for national weekend,holidays
can you explain if the examination period is going to clash with the campus cultural week for me please,exam
schedule for does placement start,admission
i need to know the website,contacts
evening today,greeting
im a freshman and i really need to know if female students have access to any exclusive financial support programs,scholarship
could you shed some light on if it is possible to pay the heavy school fees in smaller monthly installments,fees
i need the timetable for masters program,schedule
can someone tell me what the scheduel looks like for the annual university sports week and cultural day,holidays
which building is the campus in,location
hi {bot} bot,greeting
"hey there, i am trying to find out if there is a specific fee waiver available for students with recognized disabilities",scholarship
i need details on how i can generate a digital payment receipt after paying via cbe birr or telebirr as soon as possible,fees
call the uiversity,contacts
talk to you later pls,bye
goodbye bot,bye
yo appreciate it man,thanks
im a freshman and i really need to know if the weekend extension program follows the exact same semester calendar,schedule
"hey there, i am trying to find out where i need to take my bank slip to get financial clearance from the admin",fees
i need some urgent help with where i can get clearance to finally register for my classes,registration
pls show the quiz timetable,exam
hello i need some assistance,greeting
just a quick question: where i log in to check my official admission status or moe placement result,admission
exit now,bye
list all breaks,holidays
i'm a bit stuck trying to understand where i need to take my bank slip to get financial clearance fromt he admin,fees
can i pay semester fee in installments,fees
sign out assistant,bye
how exactly do i handle how a student with a high gpa can actually apply for merit based financial aid,scholarship
my friend asked me about whether we get consistent wifi and electricity inside the campus accommodation blocks and i don't know the answer,hostel
please guide me on where i can view my complete semester timetable online without going to the office,schedule
"hey there, i am trying to find out if i can take a minor in business administration alongside my engineering degree",courses
could you please tell me how can i to requirements for grant,scholarship
can you explain how i am supposed to get to the engineering building from the main librery for me please,location
i am trying to figure out which building houses the finance office so i can pay my tuition today,location
i need some urgent hel pwith how a student with a high gpa can actually apply for merit based financial aid,scholarship
kindly list is my mark,results
quick question: date for is the add drop process,registration
"greetings, is the exam hard",exam
please guide me on if the university website has a live chat feature for immediate customer service,contacts
i need the assessment lecture hours,exam
can yyou help me find the toilet,location
where to find the office contact,contacts
inform me the address,contacts
sup i need the calendar for diploma program,schedule
i need the curriculum for architecture,courses
list is the add drop deadline,registration
lecture times for social sciences,schedule
where is is the student residence,hostel
would you mind telling me where i need to take my bank slip to get financial clearance from the admin because i am confused,fees
could you shed some light on if the librery and cafeterias stay open during the mid semester reading week,holidays
can you explain what time the afternoon tutorial for applied mathematics usually ends for me please,schedule
hey that's all man,bye
could you please tell me tell me the assessment dates,exam
give me info on the assessment dates,exam
can you help me find the admin building,location
my friend asked me about if online enrollment is still open for us this semester and i don't know the answer,registration
change campus housingr oom,hostel
does anyone know if the examination period is going to clash with the campus cultural week,exam
kindly list all maors,courses
call the president,contacts
"thanks for the chat, i have to run to my next class",bye
"hey bot, i ned some quick advice about if there is a 24/7 help desk number i can call for urgent it support issues",contacts
is it true that when the absolute final deadline is for paying this semester's tuition without a penalty,fees
i need to know about enrollment,admission
i need details on how the formal admission process works for students transferring from another university as soon as possible,admission
quick question: kindly give me info on where to register,registration
i was wondering if you could help me figure out how i am supposed to get to the engineering building from the main librery,location
i would like to inquire: inform me about fund,scholarship
going offline dude,bye
could you shed some light on if masetr's degree students have a completely different fee structure than undergrads,fees
where can i find is my academic calendar,schedule
thanks sasistant,thanks
could you shed some light on the rules regarding bringing heavy electrical appliances into the campus housing,hostel
i need details on what the specific date is for the upcoming graduation ceremony event as soon as possible,holidays
hey plz give me the support,contacts
"just a quick question: that perfectly answered my question, cheers",thanks
please guide me on if there is any chance to take a make up exam if i get sck during finals week,exam
sup weekly schedule for freshmen,schedule
what kind of undergraduate degree programs are currently open for new students,courses
can you explain what the specific date is for the upcoming graduation ceremony event for me please,holidays
"is it true that have a great rest of your day, i am loging out",bye
"i'm totally lost, can you explain how the formal admission process works for students transferring from another university",admission
i'm a bit stuck trying to understand if the weekend extension program follows the exact same semester calendar,schedule
you are helpful assistant,thanks
could you please tell me do you offer allowance,scholarship
"hey bot, i need some quick advice about what subjects are considered mandatory core modules for my freshman year",courses
fully funded student loan,scholarship
thank you for the information bot,thanks
could you please tell me kindly give me the customer service,contacts
give me the phone number,contacts
please guide me on if the university provides married student housing or couples dormitories,hostel
date for is the summer closure,holidays
"hey bot, i need some quick advice about why i keep getting lost trying to find the computer lab in block 5",location
i need details on if the librery and cafeterias stay open during the mid semester reading week as soon as possible,holidays
i was wondering if you could help me figure out where i can print out a physical copy of my daily class routine,schedule
do you happen to know how much the annual fee is for staying in the official student residence,hostel
what are is the contact info for university,contacts
i need some urgent help with where i need to take my bank slip to get financial clearance from the admin,fees
"my friend asked me about where the university posts its official announcements, like a telegram channel or facebook page and i don't know the answer",contacts
"can someone tell me alright that makes sense, i'm gonna log off now",bye
"can someone tell me okay bye, thanks for pointing me in the right direction",bye
any noe here friend,greeting
give me is the next rest day,holidays
"is it true that that perfectly answered my question, cheers",thanks
passing mark for exam,exam
si there any bursary,scholarship
could you please tell me give me disciplines are available in the architecture college,courses
how to to contact it support,contacts
frehman enrollment,registration
how exactly do i handle if there is a 24/7 help desk number i can call for urgent it support issues,contacts
could you shed some light on the exact cost per credit hour for students enrolled in the evening extension program,fees
ok thanks,thanks
"i need details on brilliat, i appreciate you sorting that out for me as soon as possible",thanks
i really need to understand how i can find the official email address for the head of the computer science department,contacts
i need some urgent help with where i can download the complete course catalog for the upcoming academic year,courses
"please guide me on okay bye, thanks for pointing me in the right direction",bye
exactly what i needed today,thanks
i really need to understand if self sponsored students have a different enrollment process,registration
"is it true that you are a lifesaver, thanks bot",thanks
kindly what is the way to to criteria for grant,scholarship
"i have no more questions right now, so peace out",bye
"i'm totally lost, can you explain what the refund policy is if i decide t odrop out halfway through the semester",fees
thanks {bot} mate,thanks
"i'm totally lost, can you explain why i keep getting lost trying to find the computer lab in block 5",location
i am trying to figure out where i can find the timetable for my upcoming continuous assessments and quizzes today,exam
i am looking for info on if the university website has a live chat feature for immediate customer service,contacts
im confused about how to use the student portal to sign up for my electives,registration
how exactly do i handle what happens if i forget to register before the system closes,registration
hello virtual assistant mate,greeting
would you mind telling me what documents are absolutely required when applying for the campus bursary grant because i am confused,scholarship
i want to know the comprehensive exam dates,exam
is there any bursarry,scholarship
i need is the registration fee,fees
can you direct me to the digital library,location
tata today,bye
hello virtual assistant today,greeting
super helpful bot,thanks
helpful bot dude,thanks
"hey bot, i need some quick advice about the specific clearance process i have to follow when moving out of the hostel",hostel
would you mind telling me how i can fix my scheduel if the reg portal is showing an error because i am confused,registration
"hey there, i am trying to find out what the cut off mark or passing point is for the national entrance exam this year",admission
"i need details on thank you so much, you saved me a trip to the admin office as soon as possible",thanks
ciao now,bye
kindly i need my official transcript,results
hello i need some assistance dude,greeting
list disciplines are available in the architeecture college,courses
perfect,thanks
hi,greeting
kindly what time is the final,exam
kindly where to find the customer service,contacts
"hey bot, i need some quick advice about if the examination period is going to clash with the campus cultural week",exam
"i am trying to figure out awesome, thanks for the clarification on that today",thanks
can i see the academic timings,schedule
could you shed some light on what the refund policy is if i decide to drop out halfway through the semester,fees
"hey bot, i need some quick advice about when the post exam break officially starts so i can book my bus ticket home",holidays
yo weekly shitf for freshmen,schedule
could you shed some light on if i can take a minor in business administration alongside my engineering degree,courses
quick question: waiver for the school fee,fees
my prof told me to check if there is any chance to take a make up exam if i get sick during finals week,exam
hey explain to methe break calendar,holidays
sup freshman add drop,registration
yo call the campus police,contacts
i need some urgent help with if the examination period is going to clash with the campus cultural week,exam
official websitte,contacts
can i see is the next weekend,holidays
i really need to understand if the weekend extension program follows the exact same semester calendar,schedule
could you shed some light on if non-boarding students are ever allowed to stay in the dorms overnight,hostel
hey is there a room,hostel
could you please clarify if the weekend extension program follows the exact same semester calendar,schedule
my prof told me to check the difference between the software engineering and regular comp sci majors,courses
what is the deal with if i can easily change my assigned dept fater i get conditionally admitted,admission
give me are the core programs,courses
let me know the midterm dates,exam
{please} help me,greeting
please give me info on how tog et a room,hostel
where is the portal for grade,results
"greetings, give me is my transcript",results
good evening,greeting
kindly timing for is the christmas vacation,holidays
im a freshman and i really need to know whether the supplementary exams happen before or after the semester break,exam
please i need to know my registration status,admission
pls list all vacations,holidays
i'm a bit stuck trying to understand if the university website has a live chat feature for immediate customer service,contacts
i was wondering if you could help me figure out what a failing f grade does to my overall academic standing and honor roll chances,results
schedule for is my next lecture,schedule
give me the date of does admission start,admission
i need details on which building houses the finance office so i can pay my tuition as soon as possible,location
how exactly do i handle if self sponsored students have a different enrollment process,registration
can i see the degrees catalog,courses
i was wondering if you could help me figure out if the weekend extension program follows the exact same semester calendar,schedule
all the president,contacts
"i'm a bit stuck trying to understand i have no more questions right now, so peace out",bye
"im confused about alright that makes sense, i'm gonna log off now",bye
i'm a bit stuck trying to understand the rules regarding bringing heavy electrical appliances into the campus housing,hostel
could you please clarify the exact deadline for submitting the application forms for the dean's list award,scholarship
does anyone know if there is a non-refundable application fee required before submitting my forms,admission
"im confusd about brilliant, i appreciate you sorting that out for me",thanks
list maajors do you have,courses
explain tom e the customer service,contacts
i really need to understand where the heck the freshman orientation is being held today,location
what is the way to to do add drop,registration
"im confused about i am so glad i asked, thanks for the guidance",thanks
"hey there, i am trying to find out how i can get a copy of my official transcript for an external internship application",results
i need is the add drop deadlie,registration
good night man,bye
i'm a bit stuck trying to understand which depts actually offer postgraduate studies or masters degrees,courses
give me the course outline for accounting,courses
see you,bye
i'm a bit stuck trying to understand how i can request a student copy of my transcript for personal use,results
hello virtual assistant friend,greeting
could you please clarify how i can apply for postgraduate damission if i already have my bachelor's degree,admission
pls clarify my placement status,admission
kindly explain to me about campus housing,hostel
my friend asked me about how a student withh a high gpa can actually apply for merit based financial aid and i don't know the answer,scholarship
i am looking for information on where i log in to check my official admission status or moe placement result,admission
kindly lecture times for business,schedule
wonderful mate,thanks
"wow that was really helpful, thanks a million",thanks
shutting down the chat bye pls,bye
i would like to inquire: how to join the univeristy,admission
can you explain where the digital library is situated compared to the regular book store for me please,location
"i am looking fo information on that is exactly what i was looking for, much obliged",thanks
i am looking for information on if the library and cafeterias stay open during the mid semester reading week,holidays
please guide me on if the library and cafeterias stay open during the mid semester reading week,holidays
i need details on what documents are absolutely required when applying for the campus bursary grant as soon as possible,scholarship
"hello campus assistant, i need your guidance",greeting
give me is the registration deadline for,admission
"hey bot, i need some quick advice about wow that was really helpful, thanks a million",thanks
is it true that if it is possible to pay the heavy school fees in smaller monthly installments,fees
quick question: is the exit exam hard,exam
"do you happen to know that perfectly answered my questionn, cheers",thanks
i need the curriculum for economics,courses
where i need to take my bank slip to get financial clearance from the admin,fees
could you shed some light on how the formal admission process works for students rtansferring from another university,admission
well many thanks assistant,thanks
"do you happen to know hey bot, hope you're having a good day",greeting
can you explain if the faculty of arts offers any short term certificate courses for me please,courses
so my question is regarding how i am supposed to get to the engineering building from the main libraary,location
can someone tell me the specific clearance process i have to follow when moving out of the hostel,hostel
just a quick question: what the exact dates are for the academic calendar this year,schedule
just a quick question: if there are any makeup classes planned for the lectures we missed last monday,schedule
"does anyone know okay i am done asking questions, shutting down the chat",bye
i need details on when the academic records office will finally release the graduation results as soon as possible,results
please guide meon which specific bank account number i should use to transfer my dorm and cafeteria fees,fees
good night,bye
do you offfer allowance,scholarship
sup what is the way to to get bursary,scholarship
i would like to inquire: give me is the phone number for university,contacts
late regiistration,registration
i was wondering if you could help me figure out how the proctor decides which bed space belongs to which student in a shared room,hostel
quick question: passing mark for mae up exam,exam
i need some urgent help with if the dormitories force students to leave during the long winter break,holidays
i need details on how much the annual fee is for staying in the official student residence as soon as possible,hostel
can i pay extension fee in instalments,fees
could you shed some light on good morning to whoever is managing this chat,greeting
i have no idea which building houses the finance office so i can pay my tuition,location
no more questions for now bye,bye
what time is do classes strat,schedule
quick question: entrance exam for admission,admission
"hey there, i am trying to find out where i can view my complete semester timetable online without going to the office",schedule
is there a campus housing,hostel
"hey there, i am trying to find out how the proctor decides which bed space belongs to which sudent in a shared room",hostel
my friend asked me about what the direct phone number is for the main registrar's office and i ddon't know the answer,contacts
yo how much is the cafeteria fee,fees
steps to to contact campus police,contacts
i'm a bit stuck trying to understand what i should do because i completely missed the late reg deadline,registration
"i'm totally lost, can you explain where i can view my complete semester timetable online without going to the office",schedule
sp how much is the penalty,fees
i need details on if the faculty of arts offers any short term certificate courses as soon as possible,courses
how much is the semester fee,fees
how exactly do i handle how the proctor decides which bed space belongs to which student in a shared room,hostel
can someone tell me how i am supposed to get to the engineering building from the main library,location
please guide me on what time the computer architecture test starts tomorrow morning,exam
i need details on if tomorrow is considered a public rest day meaning we don't have to attend lectures as soon as possible,holidays
good day to you,greeting
hey is the national exam hard,exam
late clarance,registration
my prof told me to check how i can get a copy of my official transcript for an external internship application,results
how exactly do i handle what original documents i need to physically bring during the new student enrollment,admission
hey pay the registration fee,fees
"hey there, i am trying to find out how i can request a student copy of my transcript for personal use",results
could you shed some light on how the proctor decides which bed space belongs to which student in a shared room,hostel
done with my queries bye friend,bye
i am looking for the admin building,location
good day to you mate,greeting
when is is the add drop portal,registration
"my friend asked me about i am so glad i asked, thanks for the gudance and i don't know the answer",thanks
is the library nearby,location
yo enrollment process,registration
kindly i need to know where to register,registration
how to get my score,results
please guide me on how the evening shift class timings differ from the regular daytime routine,schedule
quick question: steps to to contact dean,contacts
could you shed some light on if the final exams are going to be open book or strictly closed book this time,exam
what is the deal with what the exact dates are for the academic calendar this year,schedule
i would like to inquire: pls inform me where to register,registration
would you mind telling me how a student with a high gpa can actually apply for merit based financial aid because i am confused,scholarship
selam now,greeting
campus housing application,hostel
clarify about hostel,hostel
can you explain greetings from a confused first year student for me please,greeting
i need details on the difference between the software engineering and regular cs majors as soon as possible,courses
"i'm totally lost, can you explain the exact steps to add or drop a module before the penalty kicks in",registration
what time is is my next lecture,schedule
i need some urgent help with how i can request a student copy of my transcript for personal use,results
i am looking for information on the exact deadline for submitting the application forms for the dean's list award,scholarship
"my friend asked me about hey bot, hope you're having a good day and i don't know the answer",greeting
could you please tell me class timings,schedule
please guide me on if there is a specific fee waiver available for students with recognized disabilities,scholarship
could yuo tell me the routine for next week,schedule
i'm a bit stuck trying to understand what the exact formula is to correctly calculate my cumulative gpa,results
i was wondering if you could help me figure out if there is a specific fee waiver available for students with recognized disabilities,scholarship
freshman add drrop,registration
yo schedule for is the extension fee deadline,fees
hey alright i am leaving now goodbye mate,bye
can i see is the next vacation,holidays
i was wondering if you could help me figure out where i can get clearance to finally register for my classes,registration
just a quick question: the exact cost per credit hour for students enrolled in the evening extension program,fees
im confused about how the evening shift clss timings differ from the regular daytime routine,schedule
can i see the subjects catalog,courses
"does anyone know alright that makes sense, i'm gonna log off now",bye
"can you explain okay bye, thanks for pointing me in the right direction for me please",bye
i want to know the help desk,contacts
please guide me on if the university admission office accepts late applications under special circumstances,admission
"greetings, payment the tuition",fees
when is do classes start,schedule
"so my question is regarding i totally understand now, appreciate the detailed response",thanks
i need some urgent help with what the strict eligibility criteria are for the need based scholarship program,scholarship
thanks for helping ate,thanks
"i'm totally lost, can you explain brilliant, i appreciate you sorting that out for me",thanks
yo guide me to to clearance for campushousing,hostel
i would like to inquire: tell me about student loan,scholarship
can you explain how to apply for a student loan to cover the heavy tuition costs for me please,scholarship
im a freshman and i really need to know if the dormitories force students to leave during the long winter break,holidays
"could you shed some light on hey bot, hope you're having a good day",greeting
i have no idea the physical p.o. box or zip code i should use if i want to mail a document to the admin,contacts
could you shed some light on if tomorrow is considered a public rest day meaning we don't have to attend lectures,holidays
thanks {bot} friend,thanks
what is the way to to opportunities for student loan,scholarship
any one here mate,greeting
how the evening shift class timings differ from the regular daytime routine,schedule
guide me to to contact registrar,contacts
what the exact formula is to correctly calculate my cumulative gpa,results
process for to do clearance,registration
i was wondering if you could help me figure out what subjects are considered mandatory core modules for my freshman year,courses
my friend asked me about what original documents i need to physically bring during the new student enrollment and i don't know the answer,admission
yo is there any grant,scholarship
thanks amte mate,thanks
im confused about what a failing f grade does to my overall academic standing and honor roll chances,results
could you please clarify if i can take a minor in business administration alongside my engineering degree,courses
schedule for will student copy be out,results
"so my question is rgearding got it, i will reach out later if i need more info. bye",bye
i need some urgent help with where i log in to check my official admission status or moe placement result,admission
hey how to get my score,results
so my question is regarding what the direct phone number is for the main registrar's office,contacts
i'm a bit stuck trying to understand how the proctor decides which bed space belongs to which student in a shared room,hostel
do you happen to know the exact cost per credit hour for students enrolled in the evening extension program,fees
please guide me on what original documents i need to physically bring during the new student enrollment,admission
which building is the toilet in,location
please show the comprehensive exam timings,exam
would you mind telling me where i can get clearance to finally register or my classes because i am confused,registration
is it true that if we actually have any classes schedueld during the upcoming holiday week,schedule
"hey bot, i need some quick advice about how much the annual fee is for staying in the official student residence",hostel
please guide me on what the exact dates are for the academic calendar this year,schedule
hey {bot},greeting
"please guide me on awesome, thanks for the clarification on that",thanks
"i'm a bit stuck trying to understand that's all i needed to know, goodbye for now",bye
hey lecture times for engineering,schedule
can you help me find the clinic,location
can someone tell me where i need to take my bank slip to get financial clearance from the admin,fees
i was wondering if you could help me figurre out where i can view my complete semester timetable online without going to the office,schedule
"greetings, give me the contact nfo",contacts
"would you mind telling me i appreciate the help, see you around campus because i am confused",bye
my friend asked me about when the university officially closes down for the long summer vacation break and i don't know the answer,holidays
if tomorrow is considered a public rest day meaning we don't have to attend lectures,holidays
where is the portal for mark,results
sup schedule for is the dorm fee deadline,fees
im confused about where i can securely check my semester grades online through the student portal,results
give me info on abuot student residence,hostel
schedule for is the dorm fee deadline,fees
how exactly do i handle where i can view my complete semester timetable online without going to the office,schedule
im a freshman and i really need to know how course reg works for freshmen coming in this year,registration
i'm a bit stuck trying to understand if there is a 24/7 help desk number i can call for urgent it support issues,contacts
schedule for is the tset,exam
what are i the next ceremony,holidays
list is the bed space fee,hostel
i'm a bit stuck trying to understand how i can generate a digital payment receipt after paying via cbe birr or telebirr,fees
kindly i want to know how to get spponsor,scholarship
kindly give me info on about hostel,hostel
hey financial support for tsudents,scholarship
quick question: date for is the penalty deadline,fees
bank account for semester fee,fees
hey mate,greeting
awesome mate,thanks
usp i need electives do you have,courses
guide me to to apply for enrollment,admission
could you shed some light on if there is a way to do late reg without paying a massive fee,registration
"could you shed some light on thanks for your time, i am leaving the session",bye
i need details on when my software engineering lecture is supposed to happen tomorrow as soon as possible,schedule
could you shed some light on how i can get a copy of my official transcript for an external internship application,results
i would like to inquire: what is are the core fields of study,courses
i am trying to figure out is there a human or a bot here to help me today,greeting
could you shed some light on how many credit hours i need to take to graduate from the pharmacy program,courses
inform me the contact info,contacts
thanks b{ot} now,thanks
does anyone know which depts actually offer postgraduate studies or masters degrees,courses
i would like to inquire: freshman sign up,registration
could you please tell me is there any sponsor,scholarship
i am looking for info on if the university provides any sort fo monthly stipend or living allowance,scholarship
sign out,bye
financial suppor tfor students,scholarship
kindly university closure for public event,holidays
what are is the clearance deadline,registration
kindly what is the routine for for seniors,schedule
is ther any allowance,scholarship
great helpp dude,thanks
can i see the academic routine,schedule
sup campus housing application,hostel
i am trying to figure out what happens if if orget to register before the system closes today,registration
yo can i see the academic routine,schedule
would you mind telling me if i can easily change my assigned dept after i get conditionally admitted because i am confused,admission
would you mind telling me if someone can give me directions to the university stadium or sports complex because i am confused,location
plz telll me the class times for today,schedule
i have no idea if self sponsored students have a different enrollment process,registration
would you mind telling me if female students have access to any exclusive financial support programs because i am confused,scholarship
my prof told me to check when my software engineering lecture is supposed to happen tomorrow,schedule
change hostel room,hostel
quick question: how to to rules for accommodation,hostel
what is the deal with how to find the faculty of business administration dean's office,location
i am looking for info on where i log in to check my official admission status or moe placement result,admission
greetings chatbot,greeting
"what is the deal with i am so glad i asked, thanks for the guidance",thanks
does anyone know where i can prit out a physical copy of my daily class routine,schedule
i need details on if master's degree students have a completely different fee structure than undergrads as soon as possible,fees
pls give me the p.o.box,contacts
what is the deal with if the final exams are going to be open book or strictly closed book this time,exam
i have no idea the specific clearance process i have to follow when moving out of the hostel,hostel
im done bot,bye
could you please tell me when is is the bursary deadline,scholarship
kindly can i see the academic timings,schedule
sup class timings please,schedule
is it true that how a student with a high gpa can actually apply for merit based financial aid,scholarship
i am looking for info on who i should contact if i have a serious complaint about a specific faculty member,contacts
"i'm totally lost, can you explain hi there, are you available to chat for a minute",greeting
date for does enrollment start,admission
i'm a bit stuck trying to understand if i can easily change my assigned department after i get conditionally admitted,admission
just a quick question: if there is a comprehensive staff directory where i can find my prof's contact info,contacts
i need details on where i need to take my bank slip to get financial clearance from the admin as soon as possible,fees
iam looking for info on just popping in to say hi and ask a quick thing,greeting
could you please tell me summmer vacation dates,holidays
hey process for to do add drop,registration
sup fully funded bursary,scholarship
reigster online portal,registration
would you mind telling me if non-boarding students are ever allowed to stay in the dorms overnight because i am confused,hostel
what is is the dormitory fee,hostel
my prof told me to check what time the comuter architecture test starts tomorrow morning,exam
how i can request a student copy of my transcript for personal use,results
"i'm a bit stuck trying to understand okay i am done asking questions, shutting down the chat",bye
do you happen to know how many credit hours i need to take to graduate from the pharmacy program,courses
"kindly i want to study physics, give me are the programs",courses
is tomorrow a weekend,holidays
thanx,thanks
please guide me on why my final mark for data structures is showing up as missing on the system,results
where iss the portal for academic record,results
where is the cafeteria,location
could you please clarify how to reach out directly to the president's office for a formal academic inquiry,contacts
could you please tell me directions to the book store,location
plz inform me how to get a student residence,hostel
do you happen to know if the librery and cafeterias stay open during the mid semester reading week,holidays
can someone tell me if someone can give me directions to the university stadium or sports complex,location
howdy man,greeting
sup timing for is the cost sharing deadline,fees
show me the tuition,fees
guide me to to deadline for allowance,scholarship
where to ind a sponsor,scholarship
"just a quick question: i have no more questions right now, so peace out",bye
i need is the dorm fee,fees
kindly timing for do classes start,schedule
"hey there, i am trying to find out the physical p.o. box o rzip code i should use if i want to mail a document to the admin",contacts
my prof told me to check the physical p.o. box or zip code i should use if i want to mail a document to the admin,contacts
"can you explain brilliant, i appreciate you sorting that out for me for me please",thanks
i have no idea how i can apply for postgraduate admission if i already have my bachelor's degree,admission
please guide me on how i can request a student copy of my transcript for personal use,results
"i'm a bit stuck trying to understand thank you so much, you saved me a trip to the admin office",thanks
would you mind telling me where i can view my complete semester timetable online without going to the office because i am confused,schedule
quick question: is tomorrow a weekend,holidays
"im freshman and i really need to know hello campus assistant, i need your guidance",greeting
"hey bot, i need some quick advice about where i can find the academic calendar that outlines all the semester rest days",holidays
"i am looking for information on thanks for the chat, i have to run to my next class",bye
"i'm a bit stuck trying to understand that perfectly answered my question, cheers",thanks
"hey there, i am trying to find out the difference between the software engineering and regular comp sci majors",courses
tata,bye
i need the schedule for degree program,schedule
i'm a bit stuck trying to understand where i can view my complete semester timetable online without going to the office,schedule
i was wondering if you could help me figure out the rules regarding bringing heavy electrical appliances into the campus housing,hostel
good morning,greeting
"is it true that hey bot, hope you're having a good day",greeting
what is the deal with if i can easily change my assigned department after i get conditionally admitted,admission
sup missing gpa complaint,results
"i'm totally lost, can you explain how the evening shift class timings differ from the regular daytime routine",schedule
i would like to inquire: change hostel room,hostel
wonderful today,thanks
"would you mind telling me you are a lifesaver, thanks bot because i am confused",thanks
kindly email address for department head,contacts
sup do you offer mechanical engineeering subjects,courses
i am looking for info on if online enrollment is still open for us this seemester,registration
could you shed some light on if we actually have any classes schedueld during the upcoming holiday week,schedule
does anyone know what i need to do if i urgently want to change my current hostel room,hostel
good afternoon,greeting
if the university provides any sort of monthly stipend or living allowance,scholarship
i am trying to figure out what kind of undergraduate degree programs are currently open for new students today,courses
"is it true that hey guys, hoping someone can answer my questions today",greeting
where are the offices,location
sup can you help me find the digital library,location
i would like to inqquire: do you offer stipend,scholarship
can you explain wher ei can find the academic calendar that outlines all the semester rest days for me please,holidays
when the absolute final deadline is for paying this semester's tuition without a penalty,fees
kindly give me info on the academic calendar for the weekend,schedule
how can i to process of enrollment,admission
i was wondering if you could help me figure out if tomorrow is considered a public rest day meaning we don't have to attend lectures,holidays
i'm a bit stuck trying to understand the emergency contact number for the campus police or the student health clinic,contacts
"could you please clarify that is exactly what i was looking for, much obliged",thanks
yo selam bot,greeting
hey explain to me the weekend calendar,holidays
university closrue for national vacation,holidays
i need details on what the syllabus looks like for the introduction to economics class as soon as possible,courses
fully funded grant,scholarship
process for to criteria for scholarship,scholarship
i am trying to figure out if the university admission office accepts late applications under special circumstances today,admission
can you explain how the dormitory assignment process actually works for incoming freshmen for me please,hostel
i need details on just popping in to say hi and ask a quic kthing as soon as possible,greeting
"hey there, i am trying to find out how much the annual fee is for staying in the official student residence",hostel
im a freshman and i really need to know where the digital librery is situated compared to the regular book store,location
i would like to inquire: is there class tomorrow,holidays
"hey bot, i need some quick advice about how the dormitory assignment process actually works for incoming freshmen",hostel
i need details on why my final mark for data structures is showing up as missing on the system as soon as possible,results
"what is the deal with thanks for the chat, i have to run to my next class",bye
can you explain if the cs department has any artificial intelligence electives this term for me please,courses
kindly payment the penalty,fees
kindly schedule for is the penalty deadline,fees
my friend asked me about when the absolute final deadline is for paying this semester's tuition without a penalty and i don't know the answer,fees
summer vacation dates,holidays
i really need to understand what the exact dates are for the academic calendar this year,schedule
well cool thanks mate,thanks
"where the university posts its official announcements, like a telegram channel or facebook page",contacts
"hey bot, i need some quick advice about if there are any makeup classes planned for the lectures we missed last monday",schedule
i need details on how the comprehensive exam is structured for graduating seniors as soon as possible,exam
"thank you so much, you saved me a trip to the admin office",thanks
how exactly do i handle why my final mark for data structures is showing up as missing on the system,results
plz give me the office contact,contacts
lecture times for mechanicla engineering,schedule
is it true that what i need to do if i urgently want to change my current hostel room,hostel
could you please tell me explain to me about add drop,registration
if the university offers any fully funded sponsorship opportunities for international students,scholarship
"please guide me on hello, i am a new student and i need some assistance",greeting
"can someone tell me that is exactly what i was looking for, much obliged",thanks
can someone tell me whether hte supplementary exams happen before or after the semester break,exam
what time is the midterm,exam
could you please clarify how the comprehensive exam is structured for graduating seniors,exam
"i'm a bit stuck trying to understand brilliant, i appreciate you sorting that out for me",thanks
"hey bot, i need some quick advice about what the strict eligibility criteria are for the ened based scholarship program",scholarship
plz give me the help desk,contacts
helpfulbot man,thanks
is it true that whether there are any special campus events planned for the alumni homecoming weekend,holidays
i am trying to figure out which specific bank account number i should use to transfer my dorm and cafeteria fees today,fees
freshman enrollment,registration
what's up today,greeting
could you please tell me tell em about student residence,hostel
"greetings, date for will result be out",results
i would like to inquire: i need to know about sign up,registration
i am looking for info on what the cut off mark or passing pointi s for the national entrance exam this year,admission
im confused about if there is a way to do late registration without paying a massive fee,registration
just popping in to say hi and ask a quick thing,greeting
leaving the room,hostel
would you mind telling me how much the annual fee is for staying in the official student residence because i am confused,hostel
my prof told me to check what the cut off mark or passing point is for the national entrance exam this year,admission
what are is the p.o.box for president,contacts
what is the deal with what the exact formula is to correctly calculate my cumulative gpa,results
kindly i want to know how to get a dormitory,hostel
afternoon mate,greeting
could you shed some light on if someone can give me directions to the university stadium or sports complex,location
"hey there, i am trying to find out if the cs dept has any artificial intelligence electives this term",courses
what is the deal with what time the computer architecture test starts tomorrow morning,exam
do you happen to know what a letter of acceptance looks like and when i should expect to receive it,admission
shutting dwn the chat bye dude,bye
yo i need is the next weekend,holidays
"i'm totally lost, can you explain who i should contact if i have a serious complaint about a specific faculty member",contacts
"hey bot, i need some quick advice about what happens to my registration status if i have an overdue penalty payment",fees
requirements for admission,admission
yo register online portal,registration
what programs can i take the wekend,courses
what the passing mark is for the national exit exam in engineering,exam
my friend asked me about why my final mark for data strutures is showing up as missing on the system and i don't know the answer,results
my friend asked me about how i can apply for postgraduate admission if i already have my bachelor's degree and i don't know the answer,admission
yo pls clarify the routine for this semester,schedule
so my question is regarding if the faculty of arts offers any short term certificate courses,courses
i appreciate your help pls,thanks
would you mind telling me the exact steps to add or drop a module before the penalty kicks in because i am confused,registration
"would you mind telling me thanks for the chat, i have to run to my next class because i am confused",bye
hey missing honor roll complaint,results
i would like to inquire: i want to know the rest day calendar,holidays
i need some urgent help with if there is any chance to take a make up exam if i get sick during finals week,exam
what is the way to to portal for registration,admission
what time is the comprehensive exam,exam
show the make up exam schedule,exam
could you please clarify if there is a way to do late registration without paying a massive fee,registration
yo hi i am a new student here dude,greeting
i really need to understand what the strict rules are regarding bringing calculators into the exam hall,exam
thank you for the information friend,thanks
"just a quick question: okay i am done asking questions, shutting down the chat",bye
i would like to inquire: where are the offices,location
cheers bot,thanks
im a freshman and i really need to know why i keep getting lost trying to find the computer lab in block 5,location
i would like to inquire: how much is the tuition,fees
got it thanks friend,thanks
do you happen to know where i can find the academic calendar that outlines all the semester rest days,holidays
can you explain if we actually have any classes scheduled during the upcoming holiday week for me please,schedule
is it true that when the university officially closes down for the long summer vacation break,holidays
do you happen to know the easiest way to navigate to the student clinic if i am coming from the dorms,location
yo i am logging off goodbye friend,bye
"greetings, list is the dorm fee",fees
show me the degree programs,courses
is it true that what happens if i forget to register before the system closes,registration
wonderul dude,thanks
"hey bot, i need some quick advice about if online enrollment is still open for us this semester",registration
brilliantm an,thanks
can you explain if i can easily change my assigned dept after i get conditionally admitted for me please,admission
could you please clarify if the cs dept has any artificial intelligence electives this term,courses
where i can download the complete course catalog for the upcoming academic year,courses
quick question: kindly explain to me where to register,registration
"i'm totally lost, can you explain if i can easily change my assigned dept after i get conditionally admitted",admission
is tthe midterm hard,exam
could you shed some light on greetings from a confused first year student,greeting
would you mind telling me the process for filing a formal grade appeal if i think my professor made a mistake because i am confused,results
when the actual test dates for the midterms will be officially announced,exam
what time is is the make up exam,exam
is this the student information bot pls,greeting
kindly freshman add drop,registration
i need to know how tto get a dorm,hostel
kindly fully funded sponsor,scholarship
"couldyou shed some light on hello campus assistant, i need your guidance",greeting
i have no diea the exact cost per credit hour for students enrolled in the evening extension program,fees
could you please clarify if tomorrow is considered a public rest day meaning we don't have to attend lectures,holidays
i was wondering if you could help me figure out where i can view my complete semester timetable online without going to the office,schedule
how exactly do i handle what happens to my registration status if i have an overdue penalty payment,fees
yo is the library nearby,location
clarify the school fee,fees
i am trying to figure out what the cut off mark or passing point is for the national entrance exam this year today,admission
hey guide me to to contact president,contacts
im confused about where the digital library is situated compared to the regular book store,location
"greetings, lecture times for engineering",schedule
got it thanks,thanks
do you offer sponsor,scholarship
"greetings, give me the date of is the sign up period",registration
im confused about if the university offers any fully funded sponsorship opportunities for international students,scholarship
"im a freshman and i really need to know i am so glad i asked, thanks for the guidance",thanks
is it true that if therre is any chance to take a make up exam if i get sick during finals week,exam
good night bot,bye
pls give me the address,contacts
"i need deetails on hey, i could really use some help navigating the university stuff as soon as possible",greeting
i would like to inuire: is there any grant,scholarship
ok peace out mate,bye
"hey there, i am trying to find out where i should go to report a broken window or plumbing issue in my dorm room",hostel
hey i need help {please} now,greeting
when is is the make up exam,exam
"hey bot, i need some quick advice about whether the supplementary exams happen before or after the semester break",exam
quick question: what are is the next holiday,holidays
can you explain how the proctor decides which bed space belongs to which student in a shared room for me please,hostel
please tell me how to get financial aid,scholarship
i would like to inquire: freshman add drop,registration
is there any sponsor,scholarship
any one here now,greeting
how can i to opportunities for stipend,scholarship
"greetings, i need the calendar for diploma program",schedule
list all fields of study,courses
timing for is the christmas event,holidays
could you please clarify which departments actually offer postgraduate studies or masters degrees,courses
weekly shift for freshmen,schedule
yo fully funded bursary,scholarship
directions to the clinic,location
could you shed some light on if the cs department has any artificial intelligence electives this term,courses
"does anyone know thanks for the chat, i have to run to my next class",bye
so my question is regarding the exact deadline to accept or reject my placement before theygive my spot away,admission
you are helpful,thanks
schedule for is the exteension fee deadline,fees
"hey bt, i need some quick advice about what the specific date is for the upcoming graduation ceremony event",holidays
can you explain who i should contact if i have a serious complaint about a specific faculty member for me please,contacts
list days of the week do we have the business tutorial,schedule
yo give me is the accommodation fee,hostel
so my question is regarding whetherr we get consistent wifi and electricity inside the campus accommodation blocks,hostel
i am looking for the registrar office,location
see you soon,bye
imd one friend,bye
so my question is regarding why i keep getting lost trying to find the computer lab in block 5,location
can you explain how the evening shift class timings differ from the regular daytime routine for me please,schedule
just a quick question: how i can generate a digital pamyent receipt after paying via cbe birr or telebirr,fees
"greetings, give me the physical address of the mechanical engineering department",location
what are is my mark,results
heyf inals timetable,exam
can someone tell me why i keep getting lost trying to find the computer lab in block 5,location
show me myg pa,results
would you mind telling me if there is a comprehensive staff directory where i can find my professor's contact info because i am confused,contacts
"greetings, help desk number",contacts
i need some urgent help with if the weekend extension program follows the exact same semester calendar,schedule
done with my queries bye now,bye
could you shed some light on how to use the student portal to sign up for my electives,registration
please guide me on wht the specific date is for the upcoming graduation ceremony event,holidays
what is the way to to opportunities for fee waiver,scholarship
im a freshman and i really need to know the physical p.o. box r zip code i should use if i want to mail a document to the admin,contacts
quick question: list is the enrollment requirements for,admission
register online portal,registration
is it true that just popping in to say hi and ask a quick thing,greeting
can i see is the phone number for it support,contacts
sup show me is the next closure,holidays
my prof told me to check how much the actual cost sharing fee is for regular undergraduate students,fees
kindly class timings plz,schedule
"my friend asked me about you are a lifesaver, thanks bot aand i don't know the answer",thanks
i'm a bit stuck trying to understand where the digital library is situated compared to the regular book store,location
list days of the week do we have the accountingt utorial,schedule
how do i get to is the exit exam held,exam
would you mindtelling me if the university website has a live chat feature for immediate customer service because i am confused,contacts
"i am looking for info on thanks for the chat, i have to run to my next class",bye
list are the core degrees,courses
sup lecture times for social sciences,schedule
i really need to understand the easiest way to navigate to the student clinic if i am coming from the dorms,location
give me modules do you have,courses
i need is the comprehensive exam results,exam
give me is the website for registrar,contacts
i need some urgent help with if the university provides married student housing or couples dormitories,hostel
i am trying to figure out if there is a 24/7 help desk number i can call for urgent t support issues today,contacts
clarify about rgant,scholarship
could you print my academic record,results
"my friend asked me about that's al i needed to know, goodbye for now and i don't know the answer",bye
"do you happen to know i am so glad i asked, thanks for the guidance",thanks
"do you happen to know hi there, are youa vailable to chat for a minute",greeting
where to find the help dessk,contacts
pls show me navigate to the clinic is,location
super helpful today,thanks
clarify how to get fund,scholarship
please guide me on if we get any days of classes to celebrate national public holidays like eid or christmas,holidays
how exactly do i handle the rules regarding bringing heavy electrical appliaces into the campus housing,hostel
quick question: email address for university,contacts
my friend asked me about if master's degree students have a completely different fee structure than undergrads and i don't know the answer,fees
"how exactly do ihandle brilliant, i appreciate you sorting that out for me",thanks
complain about my transcript,results
i want to know the make up exam dates,exam
what time is will student copy be out,results
"could you shed some light on hey guys, hoping someone can answer my questions today",greeting
is the digital library nearby,location
wll wow thanks,thanks
i need the national exam schedule,exam
hi {bot} friend,greeting
could you please tell me guide me to to placement in dormitory,hostel
process for to contact deepartment head,contacts
could you shed some light on whether we get consistent wifi and electricity inside the campus accommodation blocks,hostel
"my prof told me to check got it, i will reach out later i fi need more info. bye",bye
sup what fields of study can i take for seniors,courses
alright i am leaving now goodbye,bye
what is the way to to contact department head,contacts
so my question is regarding where i can download the complete course catalog for the upcoming academic year,courses
yo directions to the freshman building,location
i would like to inquire: can i pay tuition in installments,fees
could you please clarify where i go to get clearance before they will hand over my final transcript,results
wehre to find the p.o.box,contacts
where is is the assessment held,exam
directions to the library,location
"greetings, i need to know the modules for computer science",courses
could you please clarify what the syllabus looks like for the introduction to economics class,courses
coul dyou print my gpa,results
could you shed some light on what the cut off mark or passing point is for the national entance exam this year,admission
if it is possible to pay the heavy school fees in smaller monthly installments,fees
sup dude,greeting
missing grade cmplaint,results
pls print my grade,results
could you please tell me i need my official transcript,results
"i'm a bit stuck trying to understand thnks for the chat, i have to run to my next class",bye
i need some urgent help with if there is a specific fee waiver available for students with recognized disabilities,scholarship
would you mind telling me how i can get a copy of my official transcript for an external internship application because i am confused,results
i'm a bit stuck trying to understand how course registration works for freshmen coming in this year,registration
"im a freshman and i really need to know awesome, thanks for the clarification on that",thanks
"hey bot, i need someq uick advice about hi there, are you available to chat for a minute",greeting
so my question is rearding if the university provides any sort of monthly stipend or living allowance,scholarship
tnx man,thanks
i need details on if the university provides any sort of monthly stipend or living allowance as soon as possible,scholarship
"hey bot, i need some quick advice about is there a human or ab ot here to help me",greeting
sup dorm assignment,hostel
what is the deal with what the strict eligibility criteria are for the need based scholarship program,scholarship
show me the event calendar,holidays
i need details on the specific clearance process i have to follow when moving out of the hostel as soon as possible,hostel
"my prof told me to check hey guys, hoping someone can answer my questions today",greeting
i need some urgent help with if there is a comprehensive staff directory where i can find my prof's contact info,contacts
can i see is the entrance exam requirements foor,admission
steps to to fee for hostel,hostel
wsg assistant,greeting
"i'm totally lost, can you explain which specific bank account number i should use to transfer my dorm and cafeteria fees",fees
official wbesite,contacts
i would like to inquire: tell me the fields of study for social sciences,courses
i need to know about entrance exam,admission
sup university closure for semester holiday,holidays
"hey there, i am trying to find out whether the supplementary exams happen before or after the semester break",exam
could you please clarify where i log in to check my official admission status or moe placement result,admission
quick question: i need is the hostel fee,hostel
i'm a bit stuck trying to understand what the direct phone number is for the main registrar's office,contacts
when is is the publc rest day,holidays
cool thanks pls,thanks
navigate to is the midterm held,exam
just quick question: why my final mark for data structures is showing up as missing on the system,results
"i am looking for information on thank you so much, you saved me a trip to the admin office",thanks
i would like to inquire: how much is the dorm fee,fees
hey i need to know about stipend,scholarship
yo can i see is he room fee,hostel
thankyou very much friend,thanks
explain to me about application,admission
sup schedule for is the registration requirements,registration
"greetings, inform me my registration status",admission
when do we close for weekend,holidays
show me the couurses for accounting,courses
can someone tell me where i should go to report a brokenn window or plumbing issue in my dorm room,hostel
im confused about why my final mark for data structures is showing up as missing on the system,results
i need the final class times,exam
what is is the bed space fee,hostel
please guide me on if there is a comprehensive staff directory where i can find my prof's contact info,contacts
quick question: enrollment process,registration
could you please clarify the easiest way to navigate to the student clinic if i am coming from the dorms,location
quick question: where is the portal for transcript,results
"i need some urgent help with okay i am done asking questions, shutting down the chat",bye
tel lme the cost sharing,fees
freshman sign up,registration
i'm a bit stuck trying to understand when the continuous assessment period is supposed to start according to the routine,schedule
quit mate,bye
could you please tell me can i pay cost sharing in installments,fees
im confused about the emergency contactt number for the campus police or the student health clinic,contacts
date for will honor roll be out,results
ok tnx pls,thanks
where can i find is the campus housing,hostel
im confused about what the specific date is for the upcoming graduation ceremony event,holidays
how can i to deadline for entrance exam,admission
i am trying to figure ut how to reach out directly to the president's office for a formal academic inquiry today,contacts
i'm a bit stuck trying to understand if the faculty of arts offers any short term certificate courses,courses
requirements for entrance exam,admission
hey lecture times for arts,schedule
my friend asked me about if there is a specific fee waiver available for students with recognized disabilities and i don't know the answer,scholarship
my friend asked me abuot when my software engineering lecture is supposed to happen tomorrow and i don't know the answer,schedule
aam i admitted,admission
what is the routine for the weekend,schedule
"hey there, i am trying to find out where i can print out a physical copy of my daily class routine",schedule
my friend asked me about which depts actually offer postgraduate studies or masters degrees and i don't know the answer,courses
hi i am a new student here now,greeting
when do we close for holiday,holidays
how can ito opportunities for fund,scholarship
i was wondering if you could help me figure out if the faculty of arts offers any short term certificate courses,courses
"could you please clarify thank you o much, you saved me a trip to the admin office",thanks
"hey there, i am trying to find out got it, i will reach out later if i need more info. bye",bye
what is is the school fee,fees
can you explain if the final exams are going to be open book or strictly closed book this time for me please,exam
quick question: can you direct me to the afeteria,location
weekly timings for freeshmen,schedule
so my question is regarding the easiest way to navigate to the student clinic if i am coming from the dorms,location
"i'm totally lost, can you explain if the university provides any sort of monthly stipend or living allowance",scholarship
is it true that whether the supplementary exams happen before or after the semester break,exam
what original documents i need to physically bring during the new student enrollment,admission
what is is the add drop deadline,registration
give me info on my result,results
could you please tell me is the assessment hard,exam
lecture times for architecture,schedule
"would you mind telling me i totally understand now, appreciate the detailed response because i am confused",thanks
yo support email,contacts
helpful bot friend,thanks
thanks for your time today,thanks
"could you please tell me i want to study accounting, can i see are the programs",courses
im a freshman and i really need to know if there is a comprehensive staff directory where i can find my prof's contact info,contacts
i am trying to figure out what the direct phone number is for the main registrar's office today,contacts
evening bot,greeting
show me the penalty,fees
could you please tell me how to get my score,results
i would like to inquire: transefr student deadline for,admission
i'm a bit stuck trying to understand what the passing mark is for the national exit exam in engineering,exam
"i was wondering if you could help me figure out got it, i will reach out later if i need more info. bye",bye
could you shhed some light on the rules regarding bringing heavy electrical appliances into the campus housing,hostel
what are is the sign up deadline,registration
i am looking for information on the exact deadline to accept or reject my placement before they give my spot away,admission
please i want to know the academic calendar for today,schedule
pleas eguide me on how i am supposed to get to the engineering building from the main library,location
could you shed some light on how i can find the official email address for the head of the cs dept,contacts
i'm a bit stuck trying to understand greetings from a confused first year student,greeting
yo requiremens for application,admission
"could you shed some light on hello campus assistant, i need your guidance",greeting
"i need details on you are a lifesaver, thanks bot as soon as possible",thanks
show me the registration fee,fees
i have no idea if the university website has a live chat feature for immediate customer service,contacts
where to locate the freshman building,location
i am looking for information on if we get any days off classes to celebrate national public holidays like eid or christmas,holidays
im a freshman and i reallyneed to know the exact deadline for submitting the application forms for the dean's list award,scholarship
kindly could you inform me where to register,registration
"could you shed some light on that perfectly answered my question, cheers",thanks
"greetings, enrollment process",registration
ok hey today,greeting
campus map please,location
exit man,bye
i'm a bit stuck trying to understand what the strict eligibility criteria are for the need based scholarship program,scholarship
what is the routine for evening shfit,schedule
"is it true that i totally understand now, appreciate the detailed response",thanks
could you shed some light on where i can find a legitimate sponsor to help cover my cost sharing expenses,scholarship
how exactly do i handle what the specifi date is for the upcoming graduation ceremony event,holidays
how to apply for a student loan to cover the heavy tuition costs,scholarship
greetings chatbot dude,greeting
do you happen to know where i go to get clearance before they will hand over my final transcript,results
lecture times for engineering,schedule
wonderful friend,thanks
i was wondering if you could help me figure out when the actual test dates for the midterms will be officially announced,exam
class timings kindly,schedule
i need details on the exact steps to add or drop a module before the penalty kicks in as soon as possible,registration
"my prof told me to check hello campus assistant, i need yoour guidance",greeting
please give me the contact info,contacts
explain to me the majors for arts,courses
could you please tell me is the exam hard,exam
thanks for helpingm ate,thanks
"how exactly do i handle wow that was really helpful, thanks a million",thanks
campus map,location
summer vacaion dates,holidays
so my question is regarding where the digital librery is situated compared to the regular book store,location
how to navigate to clinic,location
sup i need is the bed space fee,hostel
date for will cgpa be out,results
could you list all departments,courses
yo can i see degree fields of study are available,courses
im confused about the process for filing a formal grade appeal if i think my professor made a mistake,results
is this the sstudent information bot dude,greeting
i am trying to figure out what the strict rules are regarding bringing calculators into the exam hall today,exam
process for to contact registrar,contacts
my prof told me to check if the university website has a live chat feature for immediate customer service,contacts
show me the contact info,contacts
i need are the grant requirements,scholarship
perfect pls,thanks
"hey there, i am trying to find out if there is a 24/7 help desk number i can call for urgent it support issues",contacts
"greetings, give me info on the registration fee",fees
kindly steps to to get sstudent loan,scholarship
im confused about if we get any days off classes to celebrate national public holidays like eid or christmas,holidays
how exactly do i handle how to find the faculty of business administration dean's office,location
if there are any makeup classes planned for the lectures we missed last monday,schedule
ok see you soon friend,bye
clarify the semester fee,fees
ciao pls,bye
how exactly do i handle what the strict rules are regarding bringing calculators into the exam hall,exam
would you mind telling me where i should go to report a broken window or plumbing issue in my dorm room because i am confused,hostel
ned chat assistant,bye
please let me know how to get fee waiver,scholarship
hey weekend break,holidays
tnx pls,thanks
i need are the scholarship requirements,scholarship
do you happen to know how the evening shiftclass timings differ from the regular daytime routine,schedule
"do you happen to know have a great rest of your day, i am logging out",bye
"is it true that okay perfect, thank you for taking the time to explain",thanks
"so my question is regarding wow that was really helpful, thanks a million",thanks
"just a quick question: you are a lifesaver, thanks bot",thanks
my prof told me to check if there is a specific fee waiver available for students with recognized disabilities,scholarship
the physical p.o. box or zip code i should use if i want to mail a document to the admin,contacts
im a freshman and i really need to know the exact steps to add or drop a module before the penalty kicks in,registration
i need details on what i need to do if i urgently want to change my current hostel room as soon as possible,hostel
what a failing F grade does to my overall academic standing and honor roll chances,results
tell me about the physics degree,courses
weekend beak,holidays
"is it true that where the university posts its official announcements, like a telegram channel or facebook page",contacts
do you happen to know what documents are absolutely required when applying for the campus bursary grant,scholarship
much appreciaed dude,thanks
greetings mate,greeting
would you mind telling me how the evening shift class timings differ from the regular daytime routinee because i am confused,schedule
if the university admission office accepts late applications under special circumstances,admission
wow thanks man,thanks
"would you mind telling me i am so glad i asked, thanks for the guidance because i am confused",thanks
let me know about student loan,scholarship
is it true that how i can generate a digital pamyent receipt after paying via cbe birr or telebirr,fees
thank you friend,thanks
give me are the alowance requirements,scholarship
i'm a bit stuck trying to understand when the continuous assessment period is supposed to start according to the schedule,schedule
my friend asked me about if tomorrow is considered a public rest day meaning we don't have to attend lectures and i don't know the answer,holidays
"i really need to understand hey, i could really use some help navigating the university stuff",greeting
goodbye,bye
im confused about how much the actual cost sharing fee is for regular undergraduate students,fees
what is the deal with where i log in to check my official admission status or moe placement result,admission
does anyone know how much the annual fee is for staying in the official student residence,hostel
is it true that when the academic records office will finally release the graduation results,results
"hey there, i am trying to find out the difference between the software engineering and regular cs majors",courses
im confused about the emergency contact number for the campus police or the student health clinic,contacts
i really need to understand what i should do because i completely missed the late reg deadline,registration
please i need to know my enrollment status,admission
i am trying to figure out how to reach out directly to the president's office for a formal academic inquiry today,contacts
well thanks mate assistant,thanks
quick question: where to see my student copy,results
"would you mind telling me got it, i will reach out later if i need more info. bye because i am confused",bye
i would like to inquire: leaving the hostel,hostel
how to to deadline for enrollment,admission
plz show the comprehensive exam routine,exam
pls tell me how to get a room,hostel
i would like to inquire: campus housing application,hostel
dorm assginment,hostel
please let me know how to get scholarship,scholarship
hey schedule for s the fee waiver deadline,scholarship
tell me the exit exam dates,exam
could you shed some light on what a letter of acceptance lookss like and when i should expect to receive it,admission
i really need to understand the exact deadline to accept or reject my placement before they give my spot away,admission
thank you for the information dude,thanks
stop amn,bye
leaving the student residence,hostel
what is he deal with how i can request a student copy of my transcript for personal use,results
i need details on what the passing mark is for the national exit exam in engineering as soon as possible,exam
i need some urgent help with whether we get consistent wifi and electricity inside the campus accommodation blocks,hostel
hi i am a new student here,greeting
i have to go now bye dude,bye
log out mate,bye
peace out mate,bye
i need some urgent help with if there is a 24/7 hel pdesk number i can call for urgent it support issues,contacts
"i really need to understand thanks for your time, i am leaving the session",bye
my friend asked me about where i can get clearance to finally register for my classes and i don't know the answer,registration
explain to me the comprehensive exam dates,exam
i really need to understand what i need to do if i urgently want to change my current hostel room,hostel
could you please clarify where i can print out a physical copy of myy daily class routine,schedule
"i need details on i am so glad i asked, thanks for the guidance as soon as possible",thanks
could you please tell me do you offer computer science majors,courses
i need to know the event calendar,holidays
when is is the assessment,exam
i am trying to figure out how the evening shift class timings differ from the regular daytime routine today,schedule
leavnig the room,hostel
could you please clarify if we get any days off classes to celebrate national public holidayss like eid or christmas,holidays
i'm a bit stuck trying to understand where i can find the timetable for my upcoming continuous assessments and quizzes,exam
im confused about where the registrar office is actually located on the main campus,location
"i have no idea hey guys, hoping someone can answer my questions today",greeting
"does anyone know okayp erfect, thank you for taking the time to explain",thanks
hello {bot} now,greeting
what are masters modules are available,courses
quick question: could you print my academic record,results
pls show the make up exam routine,exam
kindly is law a major here,courses
show em about enrollment,admission
passing mark for quiz,exam
could you please tell me help desk number,contacts
im confused about if there is a way to do late reg without paying a massive fee,registration
i am looking for information on if the weekend extension program follows the exact same semester calendar,schedule
my prof told me to check if there is a comprehensive staff directory where i can find my professor's contact info,contacts
what time is will honor roll be out,results
can you explain if the final exams are going to be open book or strictly closed book this time for e please,exam
would you mind telling me if the weekend extension program follows the exact same semester calednar because i am confused,schedule
i really need to uunderstand where i log in to check my official admission status or moe placement result,admission
do you happen to know where i need to take my bank slip to get financial clearance from the admin,fees
yo what is is the cost sharing,fees
can you explain if there is a non-refundable application fee required before submitting my foorms for me please,admission
my prof told me to check where i can get clearance to finally register for my classes,registration
how to to do enrollmet,registration
how to navigate to main gate,location
im confused about how to reach out directly to the president's office for a formal academic inquiry,contacts
show me my transcript,results
could you shed some light on which specific bank account number i shouldu se to transfer my dorm and cafeteria fees,fees
i need the schedule for undergraduate program,schedule
is it true that if tomorrow is considered a public rest day meaning we don't have to attend lectures,holidays
"hey bot, i need some quick advice abot if someone can give me directions to the university stadium or sports complex",location
"i'm totally lost, can you explain if the cs department has any artificial intelligence electives this term",courses
list is the placement apply for,admission
"greetings, fully funded student loan",scholarship
ty bot,thanks
quick question: bank account for extension fee,fees
can you explain if the university admission office accepts late applications under special circumstances for me please,admission
pls list all modules,courses
im confused about when the academic records office ill finally release the graduation results,results
my friend asked me about how much the annual fee is for staying in the official student residence and i don't know the answer,hostel
process for tto do sign up,registration
timing for is hte enrollment portal,registration
would you mind telling me how the comprehensive exam is structured for graduating seniors because i am confused,exam
i'm a bit stuck trying to understand where i can find a legitimate sponsor to help cover my cost sharing expenses,scholarship
"i want to study architecture, i need are the majors",courses
i'm a bit stuck trying to understand the rules regarding bringig heavy electrical appliances into the campus housing,hostel
campus housing applicatino,hostel
what is are the core courses,courses
m prof told me to check when the academic records office will finally release the graduation results,results
enrollment porcess,registration
sup when do we close for rest day,holidays
"i'm totally lost, can you explain what the strict eligibility criteria are for the need based scholarship program",scholarship
wonderful man,thanks
can i see is the final period,exam
i was wondering if you could help me figure out whether we get consistent wifi and electricity inside the campus accommodation blocks,hostel
could you shed some light on when my software engineering lecture iss supposed to happen tomorrow,schedule
kindly when do we close for ceremony,holidays
could you please clarify how i am supposed to get to the engineering building from the main library,location
how i am supposed to get to the engineering building from the main library,location
quick question: am i admitted,admission
ok stop assistant,bye
what is is the extension fee,fees
"i am trying to figure out i have no more questions right now, so peace out today",bye
im a freshman and i really need to know if there is a way to do late registration without paying a massive fee,registration
can you explain if the university provides married student housing or couples dormitories for me please,hostel
i need to know the weekend calendar,holidays
"just a quick question: i appreciate the help, see you around campus",bye
im a freshman and i really need to know if the university provides any sort of monthly stipend or living allowance,scholarship
thanks a lot,thanks
i am looking for information on how i can get a copy of my official transcript for an external internship application,results
is it true that what the exact dates are for the academic calendar this year,schedule
peace man,bye
is architecture a major here,courses
yo list days of the week do we have the pharmacy tutorial,schedule
"i'm totally lost, can you explain what the cut off mark or passing point is for the national entrance exam this year",admission
sup where to find the office contact,contacts
good evening mate,greeting
can we chat {pleae} mate,greeting
passing mark for make up exam,exam
ok good job today,thanks
plz let me know how to get sponsor,scholarship
"just a quick question: alright that makes sense, i'm gonna log off now",bye
is it true that where i can download the complete course catalog for the upcoming academic year,courses
hello virtual assistant pls,greeting
"how exactly do i handle have a great rest of your day, i am logging out",bye
sup print my mark,results
i need is the midterm period,exam
im confused about if the examination period is going to clash with the campus cultural week,exam
please i want to know can you direct me to the book store is,location
kindly financial support for students,scholarship
i ma looking for the campus,location
so my question is regarding where i can view my complete semester timetable online without going tto the office,schedule
pls list all weekends,holidays
the difference between the software engineering and regular computer science majors,courses
"i'm totally lost, can you explain you are a lifesaver, thanks bot",thanks
"greetings, how much si the school fee",fees
can you explain the process for filing a formal grade appeal if i think my prof made a mistake for me please,results
i need details on how the evening shift class timings differ from the regular daytime routine as soon as possible,schedule
could you please clarify when the absolute final deadline is for paying this semester's tuition without a penalty,fees
helpful bot man,thanks
my friend asked me about if the examination period is going to clash with the campus cultural week and i don't know the answer,exam
is the final hard,exam
where is the book store,location
i need details on how the dormitory assignment process actually works for incoming freshmen as soon as possible,hostel
appreciate it assistant,thanks
i need details on if there is a 24/7 help desk number i can call for urgent it support issues as soon as possible,contacts
"greetings, university closure for national closure",holidays
great help,thanks
so my question is regarding what i need to do if i urgently want to change my current hostel room,hostel
plz show tthe comprehensive exam shift,exam
im a freshman and i really need to know what the passing mark is for the national exit exam in engineering,exam
call the department head,contacts
i need details on what the strict eligibility criteria are for the need based scholarship program as soon as possible,scholarship
ey pls explain the fee structure,fees
hey godo job pls,thanks
could you shed some light on which specific bank account number i should use to transfer my dorm and cafeteria fees,fees
cheers today,thanks
late signu p,registration
is this the student information bot,greeting
show me where to register,registration
i have no idea if there is a specific fee waiver available for students with recognized disabilities,scholarship
"how exactly do i handle awesome, thanks for the clarification on that",thanks
i'm a bit stuck trying to understand what kind of undergraduate degree programs are currently open for new students,courses
i have no idea the excat steps to add or drop a module before the penalty kicks in,registration
is it true that where i should go to report a broken window or plumbing issue in my dorm room,hostel
university closure for graduation ceremony,holidays
can you explain what the strict rules are regarding bringing calculators into the exam hall for me please,exam
how to to assignment for campus housing,hostel
give me is the assessmentdates,exam
what are disciplines are available in the business college,courses
can i see is the dormitory fee,hostel
im a freshman and i really need to know if there is a comprehensive staff directory where i can find my professor's contact info,contacts
give me info on the vactaion calendar,holidays
im confused about what the refund policy is if i decide to drop out halfway through the semester,fees
where is the registrar office,location
im a freshman and i really need to know the difference between the software engineering and regular cs majors,courses
my friend asked me about if someone can give me directions to the university stadium or sports complex and i don't know the answer,location
can i pay dorm fee in installments,fees
where to pay school fee,fees
date for is the sign up deadline,registration
i was wondering if you could help me figure out where i should go to report a broken window or plumbing issue in my dorm room,hostel
show me is my shift,schedule
could you please clarify what time the computer architecture test starts tomorrow morning,exam
"hey bot, i need some quick advice about what a letter of acceptance looks like and when i should expect to erceive it",admission
im confused about what time the computer architecture test starts tomorrow morning,exam
i'm a bit stuck trying to understand what happens to my registration status if i have an overdue penalty pamyent,fees
kindly register online portal,registration
how exactly do i handle the easiest way to navigate to the student clinic if i am coming from the dorms,location
is it true that if there is a comprehensive staff directorry where i can find my professor's contact info,contacts
plz give me the telegram channel,contacts
"i need some urgent help with hi there, are you available to chat for a minute",greeting
"would yo umind telling me awesome, thanks for the clarification on that because i am confused",thanks
my prof told me to check if the final exams are going to be open book or strictly closed book this time,exam
hey show me the tuition,fees
i would like to inquire: steps to to assignment for dormitory,hostel
is arts a major here,courses
let me know about enrollment,admission
hi {bot},greeting
hey is tomorrow a rest day,holidays
could you shed some light on the difference between the software engineering and regular computer science majors,courses
i was wondering if you could help me figure out just popping in to say hi and ask a quick thing,greeting
i am trying to figure out the emergency contact number for the campus police or the student health clinic today,contacts
how the proctor decides which bed space belongs to which student in a shared room,hostel
show me about enrollment,admission
i need some urgent help with when my software engineering lecture is supposed to happen tomorrow,schedule
"greetings, do you offer grant",scholarship
so my question is regarding if we get any days off classes to celebrate national public holidays like eid or christmas,holidays
could you please clarify how a student with a high gpa can actually apply for merit based financial aid,scholarship
i was wondering if you could help me figure out if the university offers any fully funded sponsorship opportunities for innternational students,scholarship
list days of the week do we have the nursing tutorial,schedule
enrollent process,registration
im a freshman and i really need to konw where the digital library is situated compared to the regular book store,location
sup can i see is my cgpa,results
yo thanky ou very much man,thanks
class timings pls,schedule
"you are a lifesaver, thanks bot",thanks
im donne man,bye
"i have no idea that perfectly answered my question, cheers",thanks
yo what is is the registration eadline for,admission
sup kindly list all vacations,holidays
which building is the clinic in,location
sup could you inform me how to get stipend,scholarship
can someone tell me if there is a 24/7 help desk number i can call for urgent it support issues,contacts
i need is the extension fee,fees
i have to go now bye mate,bye
ok alright i am leaving now goodbye today,bye
could you shed some light on the exact steps to add or drop a module before the penalty kicks in,registration
i have no idea where i can securely check my semester grades online through the student portal,results
how exactly do i handle what time the afternoon tutorial for applied mathematics usually ends,schedule
would you mind telling me where i log in to check my official admission status or moe placement result because i am confused,admission
how can i to do registration,registration
thxb ot,thanks
im confused about if the university website has a live chat feature for immediate customer service,contacts
steps to to requirements for enrollment,admission
could you shed some light on how much the actual cost sharing fee is for regular undergraduate students,fees
hey what classes are offered in arts,courses
i would like to inquire: schedule for is the registration requirements,registration
"does anyone know thanks for your time, i am leaving the session",bye
where to pay penalty,fees
"i need some urgent help with awesome, thanks for the larification on that",thanks
do you happen to know the difference between the software engineering and regular cs majors,courses
"hey there, i am trying to find out the emergency contact number for the campus police or the student health clinic",contacts
have a good day now,bye
where can i find the finance office,location
stop,bye
is nursing a major here,courses
i need to know the exam dates,exam
what is are the core electives,courses
"hey there, i am trying to find out when the actual test dates for the midterms will be offiially announced",exam
hey i am lost can you help dude,greeting
"hey there, i am trying to find out if the university provides married student housing or couples dormitories",hostel
please guide me on which specific bank account number i should use to transfer my dorm and cafeteria fees,fees
where is is my lecture hours,schedule
"hey there, i am trying to find out if we actually have any classes schedueld during the upcoming holiday week",schedule
i would like to nquire: summer vacation dates,holidays
"i need details on have a great rest of your day, i am logging out as soon as possible",bye
my prof told me to check if the university offers any fully funded sponsorship opportunities for international students,scholarship
is it true that if the library and cafeterias stay open during the mid semester reading week,holidays
"i need details on hey guys, hoping someone can answer my questions today as soon as possible",greeting
call the registrar,contacts
i have no idea how to reach out directly to the president's office for a formal academic inquiry,contacts
give me are the scholarship requirements,scholarship
which departments actually offer postgraduate studies or masters degrees,courses
how exactly do i handle if there is any chance to take a make up exam if i get sick during finals week,exam
im confused about the exact cost per credit hour for students enrolled in the evening extension program,fees
timing for is the registration dates,registration
cool thanks dude,thanks
could you shed some light on how to reach out directly to the president's office for a formal academic inquiry,contacts
is it true that when the continuous assessment period is supposed to start according to the scheedule,schedule
my prof told me to check how much the annual fee is for staying in the official stduent residence,hostel
i need details on what time the computer architecture test starts tomorrow morning as soon as possible,exam
"i am looking for information on awesome, thanks for the clarification on that",thanks
is there a dormitory,hostel
do you happen to know what a failing f grade does to my overall academic standing and honor roll chances,results
do you happen to know how i can find the official email address for the head of the comp sci dept,contacts
i need some urgent help with which building houses the finance office so i can pay my tuition,location
i need some urgent help with the exact steps to add or drop a module before the penalty kicks in,registration
could you i need to know where can i find the main gate is,location
would you mind telling me when the post exam break officially starts so i can book my bus ticket home because i am confused,holidays
"could you shed some light on okay i am done asking questions, shutting down the chat",bye
"i'm totally lost, can you explain if there is a 24/7 help desk number i can call for urgent it support issues",contacts
i need to know my gpa,results
would you mind telling me if the university website has a live chat feature for immediate customer service because i am cnofused,contacts
plz let me know how to get a bed space,hostel
kindly i need the curriculum for arts,courses
could you please tell me late add drop,registration
explain to me about the business degree,courses
tell me the break calendar,holidays
what is the passing gpa,results
what ttime is will result be out,results
"hey there, i am trying to find out what subjects are considered mandatory core modules for my freshman year",courses
super helpful now,thanks
"does anyone know have a great rest of your day, i am logging out",bye
how exactly do i handle why i keep getting lost trying to find the computer lab in block 5,location
i need details on the exact location of the campus cafeteria that serves vegan food as soon as possible,location
is it true that the physical p.o. box or zip code i should use if i want to mail a document to the admin,contacts
hey give me info on my mark,results
fully funded fund,scholarship
sup give me info on about allowance,scholarship
entrance exam for registration,admission
please guide me on whether the supplementary exams happen before or after the semester break,exam
hey timing for is the dorm fee deadilne,fees
im a freshman and i really need to know where i can view my complete semester timetable online without going to the office,schedule
i need details on what time the afternoon tutorial for applied mathematics usually ends as soon as possible,schedule
"hey bot, i need some quick advice about if non-boarding students are ever allowed to stay in the dorms overnight",hostel
my friend asked me about where i log in to check my official admission sttatus or moe placement result and i don't know the answer,admission
i am lokoing for the toilet,location
"can you explain that perfectly answered my question, cheers for me please",thanks
where is the library,location
end chat mate,bye
give me the date of is the mid semester weekend,holidays
"how exactly do i handle okay perfect, thank you for taking the time to explain",thanks
sup give me is the semester fee,fees
cool thanks,thanks
could you please tell me late registration fee penalty,fees
do you happen to know what i should do because i completely missed the late reg deadline,registration
how exactly do i handle how i can generate a digital payment receipt after paying via cbe birr or telebirr,fees
i need to know about registration,registration
explain to me about scholarship,scholarship
sup finaals schedule,exam
so my question is regarding if the final exams are going to be open book or strictly closed book this time,exam
could you please tell me class timings plz,schedule
"i have no idea have a great rest of you rday, i am logging out",bye
so my question is regarding when the continuous assessment period is supposed to start according to the schedule,schedule
could you please tell me where to find a sponsor,scholarship
hey man,greeting
quick question: date for is the extension fee deadline,fees
i would like to inquire: show me is the campus housing fee,hostel
sup call the president,contacts
what is the deal with where i can find a legitimate sponsor to help cover my cost sharing expenses,scholarship
"he bot, i need some quick advice about what original documents i need to physically bring during the new student enrollment",admission
i need some urgent help with what kid of undergraduate degree programs are currently open for new students,courses
"i'm totally lost, can you explain if someone can give me directions to the university stadium or sports complex",location
"does anyone know hey guys, hoping someone can answer my questions today",greeting
ok hi i am a new student here,greeting
"greetings, plz tell me where to register",registration
"hey bot, i need some quick advice about how to find the faculty of business administration dean's office",location
could you please tell me summer vacation dates,holidays
do you happen to know is there a human or a bot here to help me,greeting
complain abou my score,results
sup schedule for do classes start,schedule
just a quick question where i need to take my bank slip to get financial clearance from the admin,fees
my friend asked me about which specific bank account number i should use to transfer my dorm and cafeteria fees and i don't know the answer,fees
give me is the registration deadline,registration
timing for do classes start,schedule
campusm ap plz,location
see you soon bot,bye
entrance exam for transfer,admission
sup location of the campus,location
how exactly do i handle what happens if i forget to reigster before the system closes,registration
stop man,bye
well alright i am leaving now goodbye pls,bye
i a mlooking for the stadium,location
hey can you help mme find the dormitory,location
i really need to understand if there is a comprehensive staff directory where i can find my prof's contact info,contacts
im a freshman and i really need to know when the actual test dates for the midterms will be officially announced,exam
my friend asked me about how much the actual cost sharing fee is for regular undergraduate students and i don't know the answer,fees
what is the deal with the exact location of the campus cafeteria that serves vegan food,location
can you explain what the strict eligibility criteria are for the need based scholarship program for me please,scholarship
could you shed some light on where i can securely check my semester grades online through the student portal,results
what is is the help desk for campus police,contacts
i'm a bit stuck trying to understand if the university provides any sort of monthly stipend or living allowance,scholarship
hey can ii see is the enrollment requirements for,admission
"i am so glad i asked, thanks for the guidance",thanks
is there a human or a bot here to help me,greeting
schedule for is the winter closure,holidays
what is the deal with where i should go to report a broken window or plumbing issue in my dorm room,hostel
i need some urgent help with how the proctor decides which bed space belongs to which student in a shared room,hostel
quick question: show me the holiday calendar,holidays
does anyone know if the faculty of arts ooffers any short term certificate courses,courses
release date of honor roll,results
"greetings, i need the exit exam academic calendar",exam
wsg dude,greeting
date for is the registration fee deadline,fees
i'm a bit stuck trying to understand the specific clearance process i have to follow when moving out of the hostel,hostel
i need some urgent help with what happens to my registration status if i have an overdue penalty payment,fees
i need help {please} mate,greeting
"would you mind telling me hey guys, hoping someone can answer my questions today because i am confused",greeting
"quick question: i want to study social sciences, give me are the fields of study",courses
"im confused about thanks for your time, i am leaving the session",bye
why my final mark for data structures is showing up as missing on the system,results
i was wondering if you could help me figure out how to use the student portal to sign up for my electives,registration
thanks a lot mate,thanks
quick question: where is the portal for mark,results
"i need some urgent help with thank you so much, you saved me a trip to the admin office",thanks
freshma add drop,registration
please print my mark,results
where to find the support,contacts
i have no idea whether the supplementary exams happen before or after the semester break,exam
"hey guys, hoping someone can answer my questions today",greeting
give me the ccourse outline for arts,courses
what is is the cost sharing,fees
im a freshman and i really need to know where i go to get clearance before they will hand over my final transcript,results
university closure for summer break,holidays
campus map plz,location
i am looking for information on if the university admission office accepts late applications under special circumstances,admission
sup schedule for is my next lecture,schedule
"greetings, give me is the entrance exam deadline for",admission
tata man,bye
can someone tell me how the comprehensive exam is structured for graduating seniors,exam
i need some urgent help with how many credit hours i need to take to graduate from the pharmacy program,courses
my prof told me to check the difference between the software engineering and regular cs majors,courses
"my prof told me to check hey, i coul really use some help navigating the university stuff",greeting
could you shed some light on if there is any chance to take a make up exam if i get sick during finals week,exam
lecture times for law,schedule
"greetings, can i see time does the class end",schedule
i need some urgent help witth what the refund policy is if i decide to drop out halfway through the semester,fees
quick question: can you direct me to is the dorm,hostel
i'm a bit stuck trying to understand how the formal admission process works for students transferring from another university,admission
please guide me on the exact deadline for submitting the application forms for the dean's list award,scholarship
i need some urgent help with why my final mark for data structures is showing up as missing on the system,results
i would like to inquire: when do we close for break,holidays
i'm a bit stuck trying to understand when ym software engineering lecture is supposed to happen tomorrow,schedule
i am looking for info on if i can take a minor in business administration alongside my engineering degree,courses
"i have no idea okay bye, thanks for pointing me in the right direction",bye
can we chat {please} bot,greeting
i need details on the rules regarding bringing heavy electrical appliances into the campus housing as soon as possible,hostel
what a letter of acceptance looks like and when i should expect to receive it,admission
"i was wondering if you could help me figure out hey, i could really use some help navigating the university stuff",greeting
quick question: transfer studnt criteria for,admission
sup show me the address,contacts
"i am trying to figure out that is exactly what i was looking for, much obliged today",thanks
what are are the fund requirements,scholarship
plz explain the fee structure,fees
late cots sharing penalty,fees
clarify how to get a bed space,hostel
i would like to inquire: requireements for placement,admission
i need the quiz schedule,exam
i need some urgent help with what the syllabus looks like for the introduction to economics class,courses
i would like to inquire: how to navigate to stadium,location
where to pay semester fee,fees
yo give me the pphysical address of the business department,location
timing for is my next lecture,schedule
i need details on how to use the student portal to sign up for my electives as soon as possible,registration
nice one friend,thanks
just a quick question: when the university officially closes down for the long summer vacation break,holidays
could you list all classes,courses
how to navigate to dormitory,location
"im a freshman and i reeally need to know that perfectly answered my question, cheers",thanks
im confused about how course registration works for freshmen coming in this year,registration
quick question: clarify about stipend,scholarship
i was wondering if you could help me figure out when the absolute final deadline is for paying this semester's tuition without a penalty,fees
kindly processf or to contact dean,contacts
my friend asked me about where i can find a legitimate sponsor to help cover my cost sharing expenses and i don't know the answer,scholarship
plz list all holidays,holidays
schedule for will honor roll be out,results
yo goodbye pls,bye
i have no idea what time the afternoon tutorial for applied mathematics usually ends,schedule
show me is the quiz location,exam
well many thanks friend,thanks
schedule for does registration start,admission
can you direct me to is the hostel,hostel
coudl you please tell me is the stadium nearby,location
i would like to inquire: explain to me about sign up,registration
kindly how to get my gpa,results
can someone tell me how course reg works for freshmen coming in this year,registration
could you tell me my enrollment status,admission
can you direct me to is my timetable,schedule
i really need to understand if there is a 24/7 help desk number i can call for urgent it support issues,contacts
could you please tell me late dorm fee penalty,fees
schedule for is the midterm,exam
greetings pls,greeting
"i really need to understand thank you so much, you saved me a trip to the admin office",thanks
my friend asked me about what the refund policy is if i decide to drop out halfway through the semester and i don't know the answer,fees
e xplain the fee structure,fees
does anyone know the emergency contact number for the campus police or the student health clinic,contacts
what is the deal with what the specific date is for the upcoming graduation ceremony event,holidays
"i am trying to figure out i appreciate the help, see you around campus today",bye
plz show the comprehensive exam calendar,exam
kindly could you clarify how to get a dormitory,hostel
what documents are absolutely required when applying for the campus bursary grant,scholarship
officcial website,contacts
hi can you provide me with some info,greeting
if the university provides married student housing or couples dormitories,hostel
show me about sig up,registration
yo missing gpa complaint,results
how much is the dorm fee,fees
sup can i see are the core majors,courses
lease guide me on the rules regarding bringing heavy electrical appliances into the campus housing,hostel
how exactly do i handle if the final exams are going to be open book or strictly closed book this time,exam
finals schedule,exam
how the dormitory assignment process actually works for incoming freshmen,hostel
i need some urgent help with what the exact formula is to correctly calculate my cumulative gpa,results
could you please tell me plz explain to me can you direct me to the freshman building is,location
i was wonderingg if you could help me figure out the exact cost per credit hour for students enrolled in the evening extension program,fees
could you please clarify how i can apply for postgraduate admission if i already have my bachelor's degree,admission
where to find the contact info,contacts
i have no idea how to use the student portal to sign up for my electives,registration
leaving the bed space,hostel
so my question is regarding what the specific date is for the upcoming graduation ceremony event,holidays
yo when do we close for closure,holidays
hullo bot,greeting
do you happen to know the exact deadline to accept or reject my placement before they give my spot away,admission
does anyone know what the exact formula is to correctly calculate my cumulative gpa,results
i was wondering if you could help me figure out where the registrar office is actually located on the main campus,location
sup doorm assignment,hostel
i am trying to figure out the specific clearance process i have to follow when moving out of the hostel today,hostel
my friend asked me about if the faculty of arts offers any short term certificate courses and i don't know the answer,courses
does anyone know if the final exams are going to be open book or strictly closed book this time,exam
kindly schedule for is the christmas closure,holidays
"hey there, i am trying to find out if the cs department has any artificial intelligence electives this term",courses
im confused about if the university admission office accepts late applicattions under special circumstances,admission
i would like to inquire: finals routine,exam
"hey bot, i need some quick advice about how i can get a copy of my official transcript for an external internship application",results
please guide me on if the cs dept has any artificial intelligence electives this term,courses
please list all electives,courses
quick question: tell me about campus housing,hostel
"could you shed some light on hey, i could really use some help navigating the university stuff",greeting
when my software engineering lecture is supposed to happen tomorrow,schedule
i have no idea if the university admission office accepts late applications under special circumstances,admission
so my question is regarding if we actually have any classes schedueld during the upcoming holiday week,schedule
please guide me on if osmeone can give me directions to the university stadium or sports complex,location
ffreshman add drop,registration
kindlyfreshman enrollment,registration
missing cpa,results
i am trying to figure out what subjects are considered mandatory core modules for my freshman year today,courses
i need the curricculum for business,courses
i was wondering if oyu could help me figure out the difference between the software engineering and regular computer science majors,courses
i need details on what happens if i forget to register before the system closes as soon as possible,registration
"hey there, i am trying to find out what documents are absolutely required when applying for the campus bursary grant",scholarship
hello virtua assistant mate,greeting
is it true that what the syllabus looks like for the introduction to economics class,courses
would you mind telling me if there is a way to do late reg without paying a massive fee because i am confused,registration
"greetings, can you direct me to the toilet",location
i need details on where i can view my complete semester timetable online without going to the office as soon as possible,schedule
what is is my academic calendar,schedule
do you happen to know where i can find the timetable for my upcoming continuous assessments and quizzes,exam
i'm a bit stuck trying to understand where i can get clearance to finally register for my classes,registration
"can you explain got it, i will reach out later if i need more info. bye for me please",bye
"i really need to understand have a great rest of your day, i am logging out",bye
i need details on where i can find a legitimate sponsor to help cover my cost sharing expenses as soon as possible,scholarship
farewell man,bye
sup can i see is the entrance exam apply for,admission
"my prof told me to check awesome, thanks for the clarification on that",thanks
i was wondering if you could help me figure out if there is any chance to take a make pu exam if i get sick during finals week,exam
is it true that when my software engineering lecture is supposed to happen tomorrow,schedule
i would like to inquire: how can i to apply for accommodation,hostel
yo give me the date of does placement start,admission
does anyone know what the passing mark is for the national exit exam in engineering,exam
who i should contact if i have a serious complaint about a specific faculty member,contacts
i have no idea if it is possible to pay the heavy school fees in smaller monthly installments,fees
log out friend,bye
is it true that the emergency contact number for the campus police orthe student health clinic,contacts
could you shed some light on what subjects are considered mandatory core modules for my freshman year,courses
how exactly do i handle what a failing f grade does to my overall academic standing and honor roll chances,results
"does anyone know hey bot, hope you're having a good day",greeting
where can i find is the student residence,hostel
i need details on the exact cost per credit hour for students enrollled in the evening extension program as soon as possible,fees
so my question is regarding whne the absolute final deadline is for paying this semester's tuition without a penalty,fees
hey is tomorrow a ceremony,holidays
quick question: pls give me the office contact,contacts
can you explain if the university admission office accepts late applications uner special circumstances for me please,admission
i am looking for info on the easiest way to navigate to the student clinic if i am coming frrom the dorms,location
how exactly do i handle what the specific date is for the upcoming graduation ceremony event,holidays
i'm a bit stuck trying to understand how to find the faculty of business administration dean's office,location
"i am trying to figure out hello campus assistant, i need your guidance today",greeting
thanx dude,thanks
wel lgood day to you pls,greeting
plz tell me how to get grant,scholarship
give me inf on the p.o.box,contacts
sup support email,contacts
tell me the address,contacts
is it true that how i can get a copy of my official transcript for an external internship application,results
"i am looking for info on okay perfect, thank you for taking the time to explain",thanks
how exactly do i handle what the exact formula is to correctly calculate my cumulative gpa,results
brilliant,thanks
would you mind telling me if three is a comprehensive staff directory where i can find my prof's contact info because i am confused,contacts
"i'm totally lost, can you explain where the heck the freshman orientation is being held today",location
"i'm totally lost, can you explain how i can request a student copy of my transcript for personal use",results
i need to know about clearance,registration
do you offer bursary,scholarship
inform me the holiday calendar,holidays
quick question: show me about dormitory,hostel
schedule for is the clearance deadline,registration
can i see is the registration deadline,registration
"hey there, i am trying to find out hi there, are you available to chat for a minute",greeting
i was wondering if you could help me figure out where i log in to check my official admission status or moe placement result,admission
can someone tell me what i should do because i completely missed the late reg deadline,registration
what are is the registration deadline,registration
i need details on where i can find the academic calendar that outlines all the semester rest days as soon as possible,holidays
i need some urgent help with if it is possible to pay the heavy school fees in smaller monthly installments,fees
"hey there, i am trying to find out hoow i can request a student copy of my transcript for personal use",results
show me is the exit exam period,exam
my prof told me to check how the comprehensive exam is structured for graduating seniors,exam
"i'm totally lost, can you explain is there a human or a bot here to help me",greeting
stop friend,bye
"i need details o that perfectly answered my question, cheers as soon as possible",thanks
can you explain if there is a 24/7 help desk number i can call for urgent it support issues for me please,contacts
whether we get consistent wifi and electricity inside the campus accommodation blocks,hostel
passing mark for exit exam,exam
ampus map,location
give me the date of is the make up exam,exam
i am logging off goodbye pls,bye
"is it true that alright that makes sense, i'm gonna log off now",bye
university closure for christmas vacation,holidays
great help now,thanks
quick question: let me know about add drop,registration
sup what are is the hostel fee,hostel
"would you mind telling me thanks for your time, i am leaving the session because i am confused",bye
quick question: clarify the dorm fee,fees
i would like to inquire: let me know about financial aid,scholarship
i need details on if someone can give me directions to the university stadium or sports complex as soon as possible,location
"im confused about you are a lifesaver, tanks bot",thanks
i am trying to figure out how many credit hours i need to take to graduate from the pharmacy program today,courses
see you today,bye
does anyone know how i can find the official email address for the head of the computer science department,contacts
quick question: when isd oes admission start,admission
so my question is regarding how i can generate a digital payment receipt after paying via cbe birr or telebirr,fees
"what is the deal with okay i am done asking questions, shutting down the chat",bye
what is the deal with how i can get a copy of my official transcript for an external internship application,results
hey where are the offices,location
where is the portal for result,results
"i'm a bit stuck trying to understand hey guys, hoping someone can answer my questions today",greeting
hi there nnow,greeting
well hi i am a new student here today,greeting
"hey bot, i need some quick advice about if the university provides married student housing or couples dormitories",hostel
"i want to study software engineering, give me are the programs",courses
i have no idea what the strict rules are regarding bringing calculators into the exam hall,exam
entrance examm for enrollment,admission
hello {bot} mate,greeting
i have no idea if the examination peeriod is going to clash with the campus cultural week,exam
list is the room fee,hostel
how to join the university,admission
please clarify where is the campus is,location
going offline mate,bye
i would like to inquire: can you list the available majors,courses
"hey bot, i need some quick advice about how i can request a student copy of my transcript for personal use",results
how can i t ocontact admin,contacts
yo show me is the accommodation fee,hostel
"how exactly do i handle you are a lifesaver, thanks bot",thanks
show me is my score,results
im conffused about where i can securely check my semester grades online through the student portal,results
i need details on if i can take a minor in business administration alongside my engineering degree as soon as possible,courses
i was wondering if you could help me figure out which building houses the finance office so i can pay my tuition,location
quick question: show me about student loan,scholarship
do you happen to know what the cut off mark or passing point is for the national entrance exam this year,admission
quick question: show me disciplines are available in the architecture college,courses
im confused about where the heck the freshman orientation is being held today,location
my prof told me to check if the weekend extension program follows the exact same semester calendar,schedule
"do you happen to know brilliant, i appreciate you sorting that out for me",thanks
i need details on if we actually have any classes schedueld during the upcoming holiday week as soon as possible,schedule
does anyone know if the librery and cafeterias stay open during the mid semester reading week,holidays
i really need to understand how i cn find the official email address for the head of the cs dept,contacts
can i see the academic class times,schedule
"hey, i could really use some help navigating the university stuff",greeting
i am trying to figure out if female students have access to any exclusive financial support programs today,scholarship
my friend asked me about how a student with a high gpa can actually apply for merit based financial aid and i don't know the answer,scholarship
kindly what classes are offered in medicine,courses
"greetings, am i admitted",admission
list is my student copy,results
please guide me on what happens if i forget to register before the system closes,registration
so my question is regarding where i can securely check my semester grades online through the student portal,results
kindly show me where to register,registration
can i see is the quiz deadline,exam
do you happen to know why i keep getting lost trying to find the computer lab in block 5,location
i was wondering if you could help me figure out why i keep getting lost trying to find the computerl ab in block 5,location
what is is the tuition,fees
could you shed some light on if the continuous assessment scores are added to the final exam result automatically,results
i would like to inquire: i need the routine for undergraduate program,schedule
"hey there, i am trying to find out if there is a non-refundable application fee required before submitting my forms",admission
"i have no idea have a great rest of your day, i am logging out",bye
could you shed some light on what the exact dates are for the academic calendar this year,schedule
i am trying to figure out if the faculty of arts offers any short term certificate courses today,courses
sup please show the national exam lecture hours,exam
good evening bot,greeting
"just a quick question: thank you so much, you saaved me a trip to the admin office",thanks
hey transfer student apply for,admission
hey waiver for the tuition,fees
i need the academic calendar for bachelors program,schedule
could you please tell me how much is the dorm fee,fees
"i am trying to figure out okay bye, thanks for pointing me in the right direction today",bye
i was wondering if you could help me figure out if the dormitories force students to leave during the long winter break,holidays
can you explain where i can find a legitimate sponsor to help cover my cost sharing expenses for me please,scholarship
i am looking for info on what the exact formula is to correctly calcculate my cumulative gpa,results
what subjects are considered mandatory core modules for my freshman year,courses
"hey bot, i need some quick advice about what time the computer architecture test starts tomorrow morning",exam
what is the deal with how course reg works for freshmen coming in this year,registration
have a good day,bye
my prof told me to check where i should go to report a broken window or plumbing issue in my dorm room,hostel
my friend asked me about where i log in to check my official admission status or moe placement result and i don't know the answer,admission
"hey bot, i need some quick advice about whic departments actually offer postgraduate studies or masters degrees",courses
my friend asked me about how the dormitory assignment process actually works for incoming freshmen and i don't know the answer,hostel
directions to the main gate,location
show me is the registration fee,fees
just a quick question: who i should contact if i have a serious complaint about a specific faculty member,contacts
yo how do i get to is the midterm held,exam
ok wow thanks man,thanks
have a nice day,bye
i would like to inquire: entrance exam for placement,admission
give me the physical address of the economics department,location
kindly is there a campuss housing,hostel
i was wondering if you could help me figure out is there a human or a bot here to help me,greeting
does anyone know how the proctor decides which bed space belongs to which student in a shared room,hostel
is tomorrow closure,holidays
my friend asked me about if the final exams are going to be open book or strictly closed book this time and i don't know the answer,exam
quick question: do you offer sponsor,scholarship
i would like to inquire: is the freshman building nearby,location
i would liketo inquire: explain to me about room,hostel
i'm a bit stuck trying to understand the exact deadline to accept or reject my placement before they give my spot away,admission
yo clarify about grant,scholarship
sup kindly explai nthe fee structure,fees
i want to know about campus housing,hostel
can someone tell me if self sponsored students have a different enrollment process,registration
"how exactly do i handle i have no more questions right now, so peace out",bye
can you explain which building houses the finance office so i can pay my tuition for me please,location
my pro ftold me to check what a letter of acceptance looks like and when i should expect to receive it,admission
is it true that if we get any days off classes to celebrate national public holidays like eid or christmas,holidays
if there is a non-refundable application fee required before submitting my forms,admission
can someone tell me how many credit hours i need to take to graduate from the pharmacy program,courses
i am looking for information onn whether we get consistent wifi and electricity inside the campus accommodation blocks,hostel
sup kindly let me know how to get financial aid,scholarship
show me is the next day off,holidays
just a quick question: how to apply for a student loan to cover the heavy tuiion costs,scholarship
yo where are the offices,location
can you explain how many credit hours i need to take to graduate from the pharmacy program for me please,courses
can you explain where i can securely check my semester grades online through the student portal for me please,results
i need details on the exact deadline to accept or reject my placement before they give my spot away as soon as possible,admission
may thanks mate,thanks
finlas timings,exam
can you explain where i can find the academic calendar that outlines all the semester rest days for me please,holidays
can you help me find the library,location
"i'm totally lost, can you explain what the specific date is for the upcoming graduation ceremony event",holidays
"hey bot, i need some quick advice about the exact deadline for submitting the application forms for the dean's list award",scholarship
i need details on which departments actually offer postgraduate studies or masters degrees as soon as possible,courses
could you please clarify if the library and cafeterias stay open during the mid semester reading week,holidays
su do you offer business majors,courses
list is the accommodation fee,hostel
i need is the comprehensive exam location,exam
could you shed some light on when the actual test dates for the midterms will be officially announced,exam
"could you shed some light on hello, i am a new student and i need some assistance",greeting
sup summer vacation dates,holidays
yo give me info on about the software engineering degree,courses
thanks for helping pls,thanks
would you mind telling me if the continuous assessment scores are added to the final exam result automatically because i am confused,results
"hey there, i am trying to find out if the university admission office accepts late applications under special circumstances",admission
is there any financial aid,scholarship
"please guide me on hello campus assistant, i need your guidance",greeting
afternoon assistant,greeting
sup where to pay school fee,fees
finals ttimings,exam
thank you very much mate,thanks
is there a hostel,hostel
date for is the allowance deadline,scholarship
so my question is regarding if the university offers any fully funded sponsorship opportunities for international students,scholarship
can someone tell me what the specific date is for the upcoming graduation ceremony event,holidays
i need are the allowance requirements,scholarship
can someone tell me what happens to my reg status fi i have an overdue penalty payment,fees
i need is the email for clinic,contacts
what is is the quiz location,exam
"i'm totally lost, can you explain how i am supposed to get to the engineering building from the main library",location
how exactly do i handle where i can find the academic calendar that outlines all the semester rest days,holidays
"i'm totally lost, acn you explain what the specific date is for the upcoming graduation ceremony event",holidays
tell me about sign up,registration
sup is tomorrow a break,holidays
missing result complaint,results
please guide me on the exact location of the campus cafeteria that serves vegan food,location
give me the physical address of the medicine department,location
"i need detail on brilliant, i appreciate you sorting that out for me as soon as possible",thanks
i need some urgent help with greetings from a confused first year student,greeting
i need to know the comprehensive exam dates,exam
fraewell bot,bye
"i'm a bit stuck trying to understand awesome, thanks for the clarification on that",thanks
process for to do add drop,registration
so my question is regarding which specific bank account number i should use to transfer my dorm and cafeteria fees,fees
explain to me about registration,registration
i have no idea the process for filing a formal grade appeal if i think my professsor made a mistake,results
can i see is the telegram channel for registrar,contacts
{please} help me now,greeting
how exactly do i handle if there is a non-refundable application fee required before submitting my forms,admission
i am trying to figure out why my final mark for data structures is showing up as missing on the system today,results
hey process for to requirements for enrollment,admission
transfer student requirements for,admission
i am trying to figure out if there is a way to do late registration without paying a massive fee today,registration
hey class timings could you,schedule
im a freshman and i really need to know which departments actually offer postgraduate studies or masters degrees,courses
i really need to understand where the digital librery is situated compared to the regular book store,location
university closure for easterweekend,holidays
yo campus housing application,hostel
well hello i need some assistance,greeting
i am looking for information on which building houses the finance office so i can pay my tuition,location
i would like to inquire: i need the make up exam routine,exam
i need some urgent help with how i can apply for postgraduate admission if i already have my bachelor's degree,admission
would you mind telling me if there is a specific fee waiver available for students with recognized disabilities because i am confused,scholarship
yo greetings chabot friend,greeting
yo change accommodation room,hostel
i would like to inquire: where to find a sponsor,scholarship
yo how to to get stipend,scholarship
what time is is the sponsor deadline,scholarship
show me is the tuition,fees
would you mind telling me whether the supplementary exams happen before or after the semester break because i am confused,exam
thaanks a lot,thanks
hey i need the calendar for extension program,schedule
how the formal admission process works for students transferring from another university,admission
hey {please} help me ls,greeting
hey hullo now,greeting
i am trying to figure out which building houses the finance office so i can pay my tuition oday,location
sup do yoou offer arts subjects,courses
how to ge my transcript,results
can you explain if there is a non-refundable application fe required before submitting my forms for me please,admission
i would like too inquire: plz give me the address,contacts
my friend asked me about the exact deadline for submitting the application forms for the dean's list award and i don't know the answer,scholarship
just a quick question: if the faculty of arts offers any short term certificate courses,courses
could you please tell me what are is the next vacation,holidays
kindly campus housing application,hostel
"i am trying to figure out thanks for your time, i am leaving the session today",bye
im a freshman and i really need to know if there is any chance to take a make up exam if i get sick during finals week,exam
just a quick question: if the continuous assessment scores are added to the final exam result automatically,results
what is the deal with if master's degree students have a completely different fee structure than undergrads,fees
my friend asked me about if i can easily change my assigned department after i get conditionally admitted and i don't know the answer,admission
sup whta time is the test,exam
that is all i needed to know goodbye today,bye
sup requirements for transfer,admission
does anyone know is there a human or a bot here to help me,greeting
i am trying to figure out if it is possible to pay the heavy school fees in smaller monthly installments today,fees
quick question: pls i want to know my admission status,admission
"im confused about i am so glad ia sked, thanks for the guidance",thanks
"could you shed some light on hey guys, hoping someone can answer my quesions today",greeting
can you list the available majors,courses
"i am looking for info on alright that makes sense, i'm gonna log off now",bye
quick question: directions to the registrar office,location
could you please tell me kindly show me my enrollment status,admission
"hey bot, i need some quick advice about whether there are any special campus events planned for the alumni homecoming weekend",holidays
date for is the easter weekend,holidays
date for isthe summer vacation,holidays
im a freshman and i really need to know how i can get a copy of my official transcript for an external internship application,results
could you shed some light on how to reach out idrectly to the president's office for a formal academic inquiry,contacts
i need someurgent help with where i can download the complete course catalog for the upcoming academic year,courses
what is the class routine for today?,schedule
when does the first period start?,schedule
what time is the lecture over?,schedule
is there a timetable for the lab sessions?,schedule
when do classes occur on weekends?,schedule
academic schedule for the second semester,schedule
is the monday routine different?,schedule
when does the registration window close?,registration
who is the proctor for block a?,hostel
is there laundry in the dorm?,hostel
how many students per room in the hostel?,hostel
i need to move into the dormitory,hostel
hostel assignment for freshmen,hostel
where is the student residence gate?,hostel
dormitory rules and regulations,hostel
living in campus accommodation,hostel
what is the weekly routine for software engineering?,schedule
what time do lectures usually start in the morning?,schedule
is the timetable the same every day of the week?,schedule
do we have classes every monday at 9am?,schedule
what is the duration of a single lecture period?,schedule
lecture start and end times for freshmen,schedule
is the university closed for the public holiday tomorrow?,holidays
will there be classes during the eid vacation?,holidays
dates for the upcoming university summer break,holidays
is campus closing for the national ceremony next week?,holidays
how can a new student apply for admission to the university?,admission
what are the entrance exam requirements for new applicants?,admission
when will the acceptance letters for new students be sent out?,admission
"i want to join the masters program, how do i apply?",admission
is the registration portal open for current students to add courses?,registration
how do i register for my semester modules online?,registration
deadline for adding or dropping a course this semester,registration
i need to sign up for my electives in the portal,registration
how much do i need to pay for the registration fee?,fees
is the tuition payment due before or after course registration?,fees
where can i find the bank account for my registration payment?,fees
hello there campus bot,greeting
"hi, i need some info about the uni",greeting
"hey assistant, how are you today?",greeting
"good day, are you available for questions?",greeting
what can you do?,help
how can you help me?,help
tell me about your features,help
what kind of questions can i ask?,help
help me understand how to use this bot,help
show me available categories,help
what are your capabilities?,help
guide me on how to use you,help
what services do you provide?,help
can you explain what you do?,help
i need my weekly class timetable,schedule
what is the lecture schedule for this month?,schedule
show me the departmental routine,schedule
at what time does the morning shift start?,schedule
is there a specific timetable for freshmen?,schedule
weekly schedule of software engineering,schedule
what are the lecture hours for today?,schedule
i want to see the semester routine,schedule
when is the lab session occurring?,schedule
daily class timings for regular students,schedule
when is the midterm assessment?,exam
final exam date for engineering,exam
routine for exams,exam
test dates for this semester,exam
when will the finals start?,exam
help me what can you do,help
what can you do for me?,help
can you show me your features,help
tell me about the chatbot,help
when is the software engineering exam?,exam
software engineering final exam date,exam
what is the date for the pharmacy exam?,exam
exam schedule for engineering students,exam
